Unnamed: 0,Timestamp,AccX,AccY,AccZ,GyroX,GyroY,GyroZ,label
0,12:27:39.76,0.08736,8.34735,0.33314,0.03333,0.0,-0.03333,0
1,12:27:39.82,-0.46936,8.56002,0.31079,0.03333,0.0,-0.0,0
2,12:27:39.89,-0.67042,9.38098,0.18433,0.0,0.0,-0.0,0
3,12:27:39.95,-3.37082,9.69856,0.26298,0.0,0.0,-0.0,0
4,12:27:40.01,-0.41621,9.5186,0.19594,0.0,0.0,-0.0,0
5,12:27:40.08,-0.226,8.36981,0.22456,0.03333,0.0,-0.0,0
6,12:27:40.14,-0.245,7.30925,0.19596,0.0,0.0,-0.0,0
7,12:27:40.21,-0.216,6.00064,0.15638,0.0,0.0,-0.0,0
8,12:27:40.27,-0.11279,5.48568,0.17697,0.03333,0.0,-0.0,0
9,12:27:40.33,-0.02479,3.95109,0.16497,0.0,0.0,-0.0,0
10,12:27:40.40,-0.08379,3.19382,0.40206,0.03333,0.0,-0.0,0
11,12:27:40.46,-0.17179,3.09946,0.45369,0.0,0.0,-0.0,0
12,12:27:40.52,-0.14279,2.791,0.20819,0.0,0.03333,-0.0,0
13,12:27:40.59,-0.02479,1.84284,0.17493,0.0,0.0,-0.0,0
14,12:27:40.65,-0.11279,1.60262,0.11824,0.0,0.0,-0.03333,0
15,12:27:40.71,0.09736,1.21454,0.14699,0.0,0.0,-0.0,0
16,12:27:40.78,0.16536,1.03442,0.12556,0.0,0.0,-0.0,0
17,12:27:40.84,0.12636,0.835,0.11634,0.06667,0.0,-0.03333,0
18,12:27:40.90,0.07736,0.68431,0.26439,0.06667,0.0,-0.0,0
19,12:27:40.97,0.08736,0.46442,0.25526,0.03333,0.0,-0.0,0
20,12:27:41.03,0.12636,0.31336,0.20532,0.03333,0.0,-0.0,0
21,12:27:41.09,0.08736,0.14221,0.25519,0.0,0.0,-0.0,0
22,12:27:41.16,0.06736,0.17121,0.27465,0.03333,0.0,-0.0,0
23,12:27:41.22,0.06736,0.15121,0.30465,0.0,0.0,-0.0,0
24,12:27:41.28,0.05836,-0.01,0.24592,0.0,0.0,-0.0,0
25,12:27:41.35,0.11636,-0.01,0.22449,0.03333,0.0,-0.0,0
26,12:27:41.41,0.07736,0.009,0.31337,0.03333,0.0,-0.0,0
27,12:27:41.47,0.00936,0.136,0.31619,0.0,0.0,-0.0,0
28,12:27:41.54,0.06736,0.019,0.20672,0.0,0.0,-0.0,0
29,12:27:41.60,0.10736,-0.029,0.13678,0.0,0.0,-0.0,0
30,12:27:41.66,0.11636,-0.059,0.18568,0.0,0.0,-0.0,3
31,12:27:41.73,0.05836,0.087,0.11839,0.0,0.0,-0.0,3
32,12:27:41.79,0.08736,0.009,0.15721,0.0,0.0,-0.0,3
33,12:27:41.86,0.12636,0.117,0.19596,0.0,-0.03333,-0.0,3
34,12:27:41.92,0.03836,0.077,0.25676,0.0,0.0,-0.0,3
35,12:27:41.98,0.12636,0.028,0.19532,0.03333,0.0,-0.0,3
36,12:27:42.05,0.15636,0.097,0.17517,0.0,0.0,-0.0,3
37,12:27:42.11,0.21536,0.205,0.15687,0.06667,0.16667,-0.0,3
38,12:27:42.17,0.891,-0.49,-0.12576,0.3,0.26667,-0.06667,3
39,12:27:42.23,1.617,-0.951,0.0675,0.9,0.73333,-0.0,3
40,12:27:42.30,1.27058,-1.049,-0.14814,1.16667,0.9,0.1,3
41,12:27:42.36,1.453,-1.77539,1.11243,2.53333,1.4,0.93333,3
42,12:27:42.42,0.82511,-1.78983,0.9576,2.3,1.33333,1.1,3
43,12:27:42.49,1.55635,-2.35841,1.22664,0.9,0.13333,1.23333,3
44,12:27:42.55,1.17602,-2.31711,0.57455,1.83333,0.5,1.3,3
45,12:27:42.61,0.331,-2.96293,0.27698,1.6,-0.16667,1.2,3
46,12:27:42.68,0.36049,-2.52191,0.07161,1.73333,-0.16667,2.0,3
47,12:27:42.74,0.94209,-2.13011,0.04799,1.2,-0.66667,1.3,3
48,12:27:42.80,0.45632,-2.01458,0.0455,1.23333,-0.7,1.16667,3
49,12:27:42.87,0.68132,-2.45035,0.27052,1.3,-0.53333,1.6,3
50,12:27:42.93,-0.55778,-1.37135,-0.20312,1.63333,0.0,1.5,3
51,12:27:43.00,1.52819,-0.29748,0.67175,1.03333,0.0,1.23333,3
52,12:27:43.06,1.98019,0.44752,0.33951,0.66667,0.46667,0.8,3
53,12:27:43.12,-0.28063,-0.31748,-0.47172,0.03333,0.03333,0.53333,3
54,12:27:43.18,-0.01563,-0.90548,-0.2543,-0.06667,-0.03333,0.3,3
55,12:27:43.25,0.53936,-0.80235,-0.21852,-0.03333,-0.03333,0.2,3
56,12:27:43.31,-0.01964,0.16865,-0.68606,0.13333,-0.1,0.03333,3
57,12:27:43.37,0.44136,-0.52835,-0.25419,0.13333,-0.03333,-0.2,3
58,12:27:43.44,1.59719,1.11452,0.01574,-0.13333,-0.4,-0.46667,3
59,12:27:43.50,2.20583,0.61798,0.14651,-0.36667,-0.3,-0.63333,3
60,12:27:43.56,1.91322,-0.07902,0.07138,-0.23333,0.1,-0.6,3
61,12:27:43.62,1.63332,-0.31402,0.18888,-0.6,-0.83333,-0.83333,3
62,12:27:43.69,1.19449,-0.20602,0.34922,-1.1,-1.1,-1.1,3
63,12:27:43.75,1.54248,-1.16048,0.56022,-1.8,-1.56667,-0.76667,3
64,12:27:43.82,-0.28409,0.27942,-0.4128,-2.13333,-1.76667,-1.3,3
65,12:27:43.88,0.28178,0.02809,-0.36278,-1.63333,-1.36667,-1.0,3
66,12:27:43.94,0.325,0.50689,-0.15532,-1.16667,-0.56667,-1.6,3
67,12:27:44.00,-0.11877,-0.23378,0.75613,-1.1,-0.73333,-1.76667,3
68,12:27:44.07,-0.36284,0.53582,0.00388,-1.16667,-0.26667,-1.73333,3
69,12:27:44.13,-1.16262,1.49517,0.90667,-1.16667,-0.4,-1.66667,3
70,12:27:44.19,-1.33729,1.32301,-0.47824,-1.06667,-0.16667,-1.93333,3
71,12:27:44.26,-1.73142,1.47177,0.10693,-1.5,-1.23333,-2.23333,3
72,12:27:44.32,-0.49931,1.29284,-0.1406,-1.16667,-1.5,-2.33333,3
73,12:27:44.39,1.872,0.45329,1.11709,0.1,-0.66667,-1.86667,3
74,12:27:44.45,2.27821,0.97329,1.73559,0.4,-0.16667,-1.1,3
75,12:27:44.51,1.87136,1.32629,1.44085,0.23333,0.0,-0.63333,3
76,12:27:44.58,1.44936,1.43329,1.18399,0.13333,0.06667,-0.36667,3
77,12:27:44.64,0.09321,1.67554,0.16566,0.03333,0.1,-0.0,3
78,12:27:44.70,-0.17179,1.61654,0.02098,0.0,0.03333,0.06667,3
79,12:27:44.77,-0.559,1.89054,0.05617,0.1,0.0,0.16667,3
80,12:27:44.83,-0.804,1.64242,0.21326,0.03333,0.0,0.1,3
81,12:27:44.89,-0.814,1.52442,0.2473,0.03333,0.0,0.06667,0
82,12:27:44.96,-0.824,1.413,0.29963,0.0,-0.03333,0.1,0
83,12:27:45.02,-0.81879,1.17331,0.29077,0.03333,0.1,0.03333,0
84,12:27:45.08,-0.74079,1.00242,0.1481,0.03333,0.06667,-0.0,0
85,12:27:45.15,-0.57379,0.79236,0.02548,0.0,0.06667,0.06667,0
86,12:27:45.21,-0.56379,0.91036,0.15669,0.06667,0.0,-0.0,0
87,12:27:45.27,-0.42679,0.51321,0.21618,0.06667,0.0,-0.0,0
88,12:27:45.34,-0.37779,0.58221,0.3424,0.0,0.03333,0.06667,0
89,12:27:45.40,-0.45679,0.47,0.26179,0.06667,0.0,-0.0,0
90,12:27:45.46,-0.33464,0.46,0.39062,0.1,0.0,-0.0,0
91,12:27:45.52,-0.22664,0.352,0.26366,0.06667,0.06667,-0.0,0
92,12:27:45.59,-0.21664,0.45,0.21815,-0.03333,0.0,-0.0,0
93,12:27:45.65,-0.24564,0.381,0.19707,0.0,0.03333,-0.0,0
94,12:27:45.71,-0.23664,0.421,0.33445,0.0,0.0,-0.0,0
95,12:27:45.78,-0.20664,0.20979,0.32236,0.0,0.0,-0.0,0
96,12:27:45.84,-0.13864,0.27879,0.19428,0.0,0.0,-0.0,0
97,12:27:45.91,0.09142,0.29879,0.16369,0.0,0.03333,-0.0,0
98,12:27:45.97,-0.01658,0.17664,0.04384,0.0,0.0,-0.0,0
99,12:27:46.03,-0.00658,0.14664,0.20793,0.0,0.0,-0.0,0
100,12:27:46.10,-0.00658,0.21564,0.18262,0.03333,0.0,-0.0,0
101,12:27:46.16,-0.04558,0.14664,0.16125,0.0,0.0,-0.0,0
102,12:27:46.22,0.05242,0.17664,0.10905,0.03333,0.0,-0.0,0
103,12:27:46.28,0.02342,0.16664,0.20743,0.03333,-0.03333,-0.0,0
104,12:27:46.35,0.10142,0.19564,0.313,0.03333,0.0,-0.0,0
105,12:27:46.41,0.10142,0.12764,0.25095,0.0,0.0,-0.0,0
106,12:27:46.47,0.02342,0.15664,0.2358,0.03333,0.0,-0.0,0
107,12:27:46.54,0.05242,-0.10242,0.26046,0.0,0.0,-0.0,0
108,12:27:46.60,0.02342,0.07358,0.41645,0.0,0.0,-0.0,0
109,12:27:46.66,0.05242,0.07358,0.35647,0.0,0.03333,-0.03333,0
110,12:27:46.72,0.04242,-0.03342,0.20514,0.0,0.03333,-0.0,0
111,12:27:46.79,0.05242,-0.02442,0.22502,0.0,0.0,-0.0,0
112,12:27:46.85,0.02342,-0.01442,0.11936,-0.03333,0.0,-0.0,0
113,12:27:46.91,0.03242,0.07358,0.22111,0.0,0.0,-0.0,0
114,12:27:46.97,-0.01658,-0.00442,0.22931,0.0,0.0,-0.0,0
115,12:27:47.04,-0.02558,0.12258,0.09977,0.0,0.0,-0.03333,0
116,12:27:47.10,0.04242,0.07358,0.05459,0.03333,0.0,-0.0,0
117,12:27:47.16,0.05242,0.08358,0.02589,0.06667,0.0,-0.0,0
118,12:27:47.22,-0.06558,0.12258,0.22906,0.06667,-0.03333,-0.0,0
119,12:27:47.29,0.03242,-0.02442,0.31354,0.0,-0.06667,-0.0,0
120,12:27:47.35,0.11142,0.02458,0.38032,0.0,-0.03333,-0.03333,3
121,12:27:47.41,0.27842,-0.23042,0.55218,0.0,0.03333,-0.0,3
122,12:27:47.48,0.63942,-0.08342,0.20283,0.06667,0.1,0.03333,3
123,12:27:47.54,0.73842,-0.10242,0.09598,0.06667,0.1,0.13333,3
124,12:27:47.60,0.89036,-0.43642,-0.15388,0.53333,0.36667,0.23333,3
125,12:27:47.67,0.92521,-0.48936,0.13332,1.1,0.8,0.4,3
126,12:27:47.73,1.441,-1.24021,0.39464,1.13333,0.96667,0.6,3
127,12:27:47.79,2.076,-2.38364,0.7322,1.9,1.13333,1.1,3
128,12:27:47.85,1.30071,-2.16158,0.62267,2.03333,0.63333,1.06667,3
129,12:27:47.92,2.03438,-2.49146,0.80842,1.73333,0.46667,0.93333,3
130,12:27:47.98,2.03823,-3.46239,0.75766,1.26667,0.1,1.06667,3
131,12:27:48.05,1.46099,-3.38275,0.36682,1.3,0.23333,1.06667,3
132,12:27:48.11,2.512,-3.258,0.63995,0.76667,-0.2,1.1,3
133,12:27:48.17,2.61283,-3.18283,0.4498,1.0,0.53333,1.43333,3
134,12:27:48.24,2.00218,-2.98954,0.07445,1.33333,0.56667,1.46667,3
135,12:27:48.30,2.38741,-2.95518,0.27987,1.06667,0.1,1.13333,3
136,12:27:48.37,1.73711,-1.94978,-0.25223,0.66667,-0.43333,0.26667,3
137,12:27:48.43,3.08893,-2.99641,0.54213,0.9,-0.03333,0.6,3
138,12:27:48.49,2.72691,-3.09993,0.32753,1.56667,0.7,1.03333,3
139,12:27:48.56,0.95835,-1.89511,-0.24565,1.96667,1.46667,0.96667,3
140,12:27:48.62,1.145,-1.40658,-0.18126,1.1,0.4,0.93333,3
141,12:27:48.69,0.96209,-1.57735,-0.18008,0.46667,0.43333,0.4,3
142,12:27:48.75,0.94222,-0.64148,-0.23868,0.16667,-0.06667,0.1,3
143,12:27:48.81,2.10922,-0.37648,-0.03658,0.3,0.76667,-0.0,3
144,12:27:48.88,2.95083,-1.15048,0.17317,0.06667,0.8,0.06667,3
145,12:27:48.94,1.90236,-1.08902,0.00557,0.23333,0.76667,0.2,3
146,12:27:49.00,1.35225,-0.63802,-0.04138,0.06667,0.1,0.03333,3
147,12:27:49.07,1.87225,-0.75502,0.00845,-0.16667,-0.06667,-0.06667,3
148,12:27:49.13,2.15625,-1.25502,0.05017,-0.26667,-0.03333,-0.03333,3
149,12:27:49.19,1.33225,-0.52002,-0.04955,-0.6,-0.06667,-0.16667,3
150,12:27:49.26,1.20937,0.30052,-0.21192,-1.2,-0.33333,-0.56667,3
151,12:27:49.32,1.26383,-2.69158,0.08112,-2.83333,-2.16667,-0.9,3
152,12:27:49.39,0.49748,-1.75691,-0.02446,-3.63333,-3.63333,-1.86667,3
153,12:27:49.45,1.07893,-2.17578,0.30695,-3.46667,-2.0,-2.36667,3
154,12:27:49.51,1.884,-1.47075,0.26906,-2.73333,-0.6,-2.46667,3
155,12:27:49.58,2.16699,-1.93123,0.19879,-2.16667,-0.2,-2.13333,3
156,12:27:49.64,1.41123,-1.57438,0.24193,-2.03333,-1.0,-1.83333,3
157,12:27:49.70,0.05916,-0.82758,0.05104,-1.83333,-1.23333,-1.76667,3
158,12:27:49.76,1.31071,-1.03558,-0.38001,-2.36667,-1.96667,-1.83333,3
159,12:27:49.83,1.47458,-0.88779,-0.57671,-0.8,-0.83333,-1.63333,3
160,12:27:49.89,1.26669,0.205,1.41245,0.4,-0.2,-0.53333,3
161,12:27:49.95,0.29958,1.215,1.93608,0.4,-0.13333,-0.03333,3
162,12:27:50.01,-0.47542,1.195,1.59992,0.0,0.0,0.03333,3
163,12:27:50.08,-0.51342,0.98,0.78404,0.06667,0.1,-0.03333,3
164,12:27:50.14,-0.79231,0.362,0.29785,0.03333,0.0,-0.0,3
165,12:27:50.20,-0.89031,0.205,-0.00869,0.0,0.03333,0.1,3
166,12:27:50.26,-1.12531,0.43,-0.0624,0.16667,-0.03333,-0.0,3
167,12:27:50.33,-1.17431,0.313,0.10189,0.03333,0.0,0.03333,3
168,12:27:50.39,-0.88642,0.303,0.38989,0.13333,-0.03333,-0.0,3
169,12:27:50.45,-0.88642,0.205,0.4754,0.03333,0.0,-0.0,3
170,12:27:50.52,-0.90542,0.303,0.27285,0.03333,0.0,-0.0,3
171,12:27:50.58,-0.81336,0.303,0.08074,0.1,0.0,-0.0,0
172,12:27:50.64,-0.74436,0.126,0.11285,0.16667,-0.06667,-0.03333,0
173,12:27:50.71,-0.59321,-0.029,0.08397,0.0,0.0,-0.0,0
174,12:27:50.77,-0.59321,0.028,0.24069,0.1,-0.03333,-0.0,0
175,12:27:50.84,-0.422,0.048,0.29966,0.1,0.0,-0.0,0
176,12:27:50.90,-0.392,0.058,0.42535,0.13333,0.0,-0.0,0
177,12:27:50.96,-0.52,-0.059,0.39191,0.0,0.03333,-0.0,0
178,12:27:51.03,-0.52,0.038,0.27412,0.0,0.03333,-0.0,0
179,12:27:51.09,-0.52,0.136,0.13833,0.0,0.03333,-0.03333,0
180,12:27:51.15,-0.441,0.048,0.09484,0.03333,0.0,-0.0,0
181,12:27:51.22,-0.363,-0.127,0.1613,0.0,0.0,-0.0,0
182,12:27:51.28,-0.17179,0.019,0.06094,0.03333,0.03333,-0.0,0
183,12:27:51.34,-0.25079,0.038,0.14289,0.0,0.0,-0.0,0
184,12:27:51.41,-0.17179,0.028,0.09093,0.03333,0.0,-0.0,0
185,12:27:51.47,-0.15279,0.068,0.13943,0.03333,-0.03333,-0.0,0
186,12:27:51.53,-0.26979,0.146,0.20356,0.03333,0.0,-0.0,0
187,12:27:51.59,-0.21079,0.058,0.2782,0.06667,0.0,-0.0,0
188,12:27:51.66,-0.00064,0.126,0.17957,0.03333,0.0,-0.0,0
189,12:27:51.72,-0.03964,0.028,0.24911,0.03333,0.0,-0.0,0
190,12:27:51.78,-0.04964,0.087,0.22985,0.0,-0.03333,-0.0,0
191,12:27:51.85,-0.01064,0.077,0.23834,0.0,0.0,-0.0,0
192,12:27:51.91,-0.08864,0.038,0.31895,0.0,0.0,-0.0,0
193,12:27:51.97,-0.08864,0.117,0.30057,0.03333,0.0,-0.0,0
194,12:27:52.04,-0.14764,0.038,0.24373,0.0,0.03333,-0.0,0
195,12:27:52.10,-0.07964,0.107,0.1923,0.03333,0.0,-0.03333,0
196,12:27:52.16,-0.11864,0.126,0.11538,0.0,0.0,-0.0,0
197,12:27:52.22,-0.07964,0.048,0.30964,0.0,0.0,-0.0,0
198,12:27:52.28,-0.08864,0.176,0.18365,0.03333,0.0,-0.0,0
199,12:27:52.35,-0.15764,0.01379,0.25577,-0.03333,0.0,-0.0,0
200,12:27:52.41,-0.06964,-0.07421,0.14287,0.03333,0.0,-0.0,3
201,12:27:52.47,-0.03064,-0.15221,0.20982,0.1,0.0,-0.0,3
202,12:27:52.54,-0.03064,-0.18121,0.21879,0.03333,0.0,-0.0,3
203,12:27:52.60,-0.04964,0.058,0.20069,0.06667,0.0,-0.0,3
204,12:27:52.66,-0.05964,0.009,0.14201,0.06667,0.0,-0.0,3
205,12:27:52.73,-0.09864,0.077,0.29064,0.06667,0.0,-0.0,3
206,12:27:52.79,-0.01064,0.009,0.26702,0.1,0.0,-0.0,3
207,12:27:52.85,0.13636,-0.098,0.48941,0.16667,0.13333,-0.03333,3
208,12:27:52.91,0.39036,-0.226,0.08767,0.1,0.03333,-0.03333,3
209,12:27:52.98,0.53736,-0.412,0.27103,0.23333,0.1,-0.0,3
210,12:27:53.04,1.33721,-1.30979,-0.35574,1.13333,0.8,0.13333,3
211,12:27:53.11,0.96579,-1.19258,0.51494,2.1,1.43333,0.33333,3
212,12:27:53.17,1.74669,-1.88758,0.61483,1.13333,0.53333,0.5,3
213,12:27:53.23,2.26546,-2.60338,1.04071,1.23333,0.53333,0.6,3
214,12:27:53.30,1.80838,-2.69816,0.34407,1.7,0.7,0.6,3
215,12:27:53.36,1.86316,-3.48175,0.48853,2.16667,0.83333,0.7,3
216,12:27:53.42,1.48923,-3.16654,0.25515,2.1,0.36667,0.66667,3
217,12:27:53.48,1.012,-3.26811,0.21042,1.66667,-0.03333,0.6,3
218,12:27:53.55,0.88054,-3.44658,0.22143,1.66667,0.0,0.66667,3
219,12:27:53.61,0.93954,-3.93135,0.27103,0.96667,-0.7,0.83333,3
220,12:27:53.69,0.13918,-2.646,-0.09721,0.43333,-1.13333,0.8,3
221,12:27:53.75,1.56383,-3.20448,0.6115,0.66667,-1.2,1.0,3
222,12:27:53.81,2.50483,-2.01949,0.72772,1.03333,-0.16667,1.13333,3
223,12:27:53.87,0.54341,-1.69232,-0.26763,1.4,0.73333,1.46667,3
224,12:27:53.94,0.39935,-1.46119,-0.04194,1.36667,0.03333,0.86667,3
225,12:27:54.00,0.59649,-1.27525,0.42795,1.3,-0.1,0.63333,3
226,12:27:54.07,-0.98117,-0.61383,-0.13935,0.73333,0.26667,0.53333,3
227,12:27:54.13,-1.39381,-0.3806,-0.25995,0.76667,0.3,0.53333,3
228,12:27:54.19,-1.30917,-0.9034,-0.0279,0.2,0.06667,0.06667,3
229,12:27:54.26,-1.5106,-0.13128,-0.14035,-0.1,0.0,-0.06667,3
230,12:27:54.32,-0.9706,-0.18028,-0.0187,0.06667,0.33333,-0.26667,3
231,12:27:54.38,-1.0424,-0.26928,-0.05651,-0.43333,0.0,-0.23333,3
232,12:27:54.44,0.52825,-0.97528,0.29446,-0.73333,0.0,-0.43333,3
233,12:27:54.51,-0.26517,-0.78128,0.00678,-1.3,-0.23333,-0.63333,3
234,12:27:54.57,1.54111,-2.15725,0.45606,-1.66667,-0.6,-1.03333,3
235,12:27:54.64,1.31154,-1.39283,-0.00838,-2.16667,-0.86667,-1.16667,3
236,12:27:54.70,1.60675,-2.49949,0.29831,-2.16667,-0.73333,-1.06667,3
237,12:27:54.76,1.56846,-2.21793,-0.39097,-1.16667,0.23333,-0.9,3
238,12:27:54.83,1.88246,-2.93518,0.18581,-1.16667,-0.26667,-1.0,3
239,12:27:54.89,1.28758,-1.99583,-0.11574,-1.13333,-0.23333,-1.13333,3
240,12:27:54.95,1.73158,-2.48216,0.54735,-3.13333,-2.0,-1.0,3
241,12:27:55.02,1.33136,-3.324,0.26977,-2.63333,-1.7,-1.03333,3
242,12:27:55.08,0.777,-3.31962,-0.28083,-2.76667,-2.06667,-1.06667,3
243,12:27:55.15,1.03229,-3.55682,-0.65578,-1.1,-0.8,-1.13333,3
244,12:27:55.21,2.06362,-3.56789,1.59599,0.33333,-0.23333,-0.8,3
245,12:27:55.27,1.02854,-3.18589,2.21206,0.1,0.03333,-0.26667,3
246,12:27:55.34,-0.224,-3.21489,1.23837,0.0,0.23333,-0.1,3
247,12:27:55.40,-0.75769,-3.18589,0.22747,-0.1,0.23333,0.03333,3
248,12:27:55.47,-0.90858,-2.87959,-0.33051,-0.03333,0.1,0.03333,3
249,12:27:55.53,-0.75158,-2.98659,-0.09185,0.0,0.0,-0.0,3
250,12:27:55.59,-0.76158,-3.00659,0.01425,0.06667,0.0,-0.0,3
251,12:27:55.65,-0.48269,-2.59146,0.24867,0.06667,0.0,-0.0,0
252,12:27:55.72,-0.283,-1.92325,0.24588,0.1,0.03333,-0.06667,0
253,12:27:55.78,-0.302,-1.71661,0.29158,0.06667,0.0,-0.0,0
254,12:27:55.85,-0.234,-1.26349,0.25993,0.13333,0.06667,-0.0,0
255,12:27:55.91,-0.263,-1.19929,0.24515,0.23333,0.13333,-0.06667,0
256,12:27:55.97,-0.037,-1.08442,0.0375,0.03333,0.03333,-0.03333,0
257,12:27:56.03,-0.20769,-0.72242,0.02213,0.06667,0.0,-0.0,0
258,12:27:56.10,-0.11969,-0.85942,0.04013,0.06667,0.0,-0.0,0
259,12:27:56.16,-0.37858,-0.846,0.30918,0.03333,0.0,-0.0,0
260,12:27:56.22,-0.27669,-0.36131,0.42721,0.06667,0.0,0.03333,0
261,12:27:56.29,-0.26669,-0.29331,0.61283,0.1,0.03333,-0.0,0
262,12:27:56.35,-0.24769,-0.47931,0.55763,0.0,0.06667,-0.0,0
263,12:27:56.42,-0.09069,-0.48542,0.25118,0.0,0.0,-0.0,0
264,12:27:56.48,-0.21769,-0.58242,0.30034,-0.06667,0.0,-0.0,0
265,12:27:56.54,-0.12969,-0.38742,0.14762,-0.03333,0.03333,-0.0,0
266,12:27:56.60,-0.17869,-0.36742,0.12315,0.0,0.06667,-0.0,0
267,12:27:56.67,-0.07069,-0.39642,0.14294,-0.03333,0.1,-0.03333,0
268,12:27:56.73,-0.03169,-0.29842,0.10293,0.0,0.03333,-0.0,0
269,12:27:56.79,0.06631,-0.06836,0.07795,0.0,0.0,-0.0,0
270,12:27:56.85,0.10531,-0.26536,0.01435,0.06667,0.0,-0.0,0
271,12:27:56.91,0.05631,-0.28436,0.0461,0.06667,-0.03333,-0.0,0
272,12:27:56.98,-0.03169,-0.00036,0.28236,0.13333,-0.03333,0.03333,0
273,12:27:57.04,0.02731,-0.08836,0.38245,0.06667,-0.06667,-0.0,0
274,12:27:57.10,-0.10969,-0.19636,0.4683,0.03333,0.0,-0.0,0
275,12:27:57.17,-0.12969,-0.20636,0.20635,0.03333,0.0,-0.0,0
276,12:27:57.23,-0.01169,-0.14321,0.45063,0.03333,0.0,-0.03333,0
277,12:27:57.29,-0.00169,-0.09421,0.45022,0.0,0.03333,-0.0,0
278,12:27:57.35,-0.04169,-0.04521,0.3757,0.0,0.06667,-0.0,0
279,12:27:57.41,-0.01169,0.18079,0.24157,0.0,0.03333,-0.03333,0
280,12:27:57.48,0.12531,-0.08836,0.20147,0.0,0.03333,-0.03333,0
281,12:27:57.54,0.21331,-0.25536,0.12541,0.0,0.03333,-0.03333,0
282,12:27:57.61,0.03242,-0.00036,0.06354,0.0,0.03333,-0.03333,0
283,12:27:57.67,0.07242,-0.14736,0.0667,0.0,0.0,-0.03333,0
284,12:27:57.73,-0.01658,-0.03936,0.10362,0.03333,0.0,-0.0,0
285,12:27:57.79,0.00342,-0.01936,0.10321,0.06667,0.0,-0.0,3
286,12:27:57.86,0.06242,-0.10836,0.09791,0.1,0.0,-0.0,3
287,12:27:57.92,0.07242,-0.15736,0.18424,0.03333,0.0,-0.0,3
288,12:27:57.98,0.01342,-0.16636,0.06913,0.1,0.0,-0.0,3
289,12:27:58.05,0.02342,-0.01521,0.02941,0.06667,0.0,-0.03333,3
290,12:27:58.11,0.06242,-0.15221,0.18301,0.16667,0.0,-0.0,3
291,12:27:58.18,0.13142,-0.09421,0.24936,0.1,0.0,-0.0,3
292,12:27:58.24,0.38642,-0.029,0.42879,0.2,0.03333,-0.0,3
293,12:27:58.30,1.87542,-1.736,0.44146,1.53333,1.36667,-0.1,3
294,12:27:58.36,1.99,-1.33464,0.42546,2.36667,1.8,-0.06667,3
295,12:27:58.43,2.55069,-2.45,0.71421,1.53333,0.76667,0.33333,3
296,12:27:58.49,2.85346,-3.06771,1.0923,1.46667,0.56667,0.63333,3
297,12:27:58.55,3.07571,-3.49351,1.41394,1.03333,0.2,0.86667,3
298,12:27:58.62,2.02251,-3.52039,0.61785,1.56667,0.43333,0.93333,3
299,12:27:58.68,2.05839,-3.80475,0.5618,0.96667,0.0,1.13333,3
300,12:27:58.75,1.46923,-3.768,0.29945,1.63333,0.16667,1.23333,3
301,12:27:58.81,1.62799,-3.59754,-0.00941,1.83333,0.3,1.3,3
302,12:27:58.87,1.502,-3.43741,0.05919,1.46667,-0.2,1.13333,3
303,12:27:58.93,1.57283,-3.33593,0.20582,1.13333,-0.5,0.93333,3
304,12:27:59.00,1.81618,-2.41511,-0.05627,1.23333,-0.1,0.96667,3
305,12:27:59.06,2.07678,-2.22058,-0.14147,1.33333,0.06667,1.16667,3
306,12:27:59.12,2.07678,-2.22058,-0.14147,1.33333,0.06667,1.16667,3
307,12:27:59.19,2.42291,-1.85402,-0.01801,1.03333,0.26667,0.93333,3
308,12:27:59.25,2.37658,-1.27248,-0.04839,0.96667,0.16667,0.66667,3
309,12:27:59.31,3.24848,-1.78349,0.36549,1.23333,0.3,0.9,3
310,12:27:59.38,2.38,-1.48209,0.13389,0.96667,0.36667,0.8,3
311,12:27:59.44,1.20449,-0.72709,-0.17336,0.73333,0.46667,0.7,3
312,12:27:59.50,1.11332,-0.58432,-0.13638,0.5,0.3,0.5,3
313,12:27:59.57,1.49983,-0.47632,-0.02543,0.0,0.03333,-0.03333,3
314,12:27:59.63,2.01919,0.14478,-0.01101,0.03333,0.46667,-0.13333,3
315,12:27:59.69,1.83436,-0.38832,0.00326,0.1,0.66667,0.03333,3
316,12:27:59.76,2.32436,-0.51222,0.01016,-0.16667,0.16667,-0.06667,3
317,12:27:59.82,2.33737,0.39568,0.01339,-0.46667,0.1,-0.1,3
318,12:27:59.89,2.61237,-0.17232,0.03689,-1.26667,0.26667,-0.16667,3
319,12:27:59.95,1.84436,-0.13649,-0.02339,-1.63333,-0.3,-0.2,3
320,12:28:00.01,0.80319,-0.587,-0.1368,-2.13333,-0.23333,-0.66667,3
321,12:28:00.07,1.49222,-0.86648,-0.13441,-2.06667,-0.5,-0.76667,3
322,12:28:00.14,2.19449,-2.32611,0.11306,-2.46667,-0.56667,-0.8,3
323,12:28:00.20,1.79402,-1.69793,-0.05714,-2.73333,-1.03333,-1.4,3
324,12:28:00.26,2.55358,-2.56778,0.13162,-2.2,-0.46667,-1.3,3
325,12:28:00.33,1.71693,-1.45683,-0.33399,-2.63333,-1.06667,-1.5,3
326,12:28:00.39,0.91978,-0.74523,-0.48542,-2.4,-1.66667,-1.76667,3
327,12:28:00.46,0.26883,-0.98351,-0.66184,-2.6,-2.33333,-1.86667,3
328,12:28:00.52,0.13575,-0.98146,0.01552,-2.7,-2.83333,-1.26667,3
329,12:28:00.58,1.05946,-1.21664,1.20546,0.36667,-0.8,-0.96667,3
330,12:28:00.64,0.27569,-0.49579,2.46351,0.03333,-0.53333,-0.33333,3
331,12:28:00.71,-0.04342,-0.25079,2.0988,0.2,0.0,-0.13333,3
332,12:28:00.77,-0.47542,0.00421,1.47813,0.0,0.03333,-0.06667,3
333,12:28:00.83,-1.02731,-0.20179,0.48888,-0.06667,0.0,-0.0,3
334,12:28:00.90,-1.07631,-0.40779,-0.04681,-0.06667,0.1,-0.0,3
335,12:28:00.96,-1.02731,-0.51,-0.19892,-0.06667,0.0,0.03333,3
336,12:28:01.02,-1.03731,-0.481,0.12172,0.06667,0.06667,-0.0,0
337,12:28:01.08,-1.01731,-0.559,0.15493,0.0,0.03333,-0.0,0
338,12:28:01.15,-0.87642,-0.451,0.10175,0.0,0.0,0.03333,0
339,12:28:01.21,-0.91542,-0.22079,0.22736,0.06667,0.0,0.06667,0
340,12:28:01.27,-0.75436,-0.25979,0.14162,0.0,0.0,-0.0,0
341,12:28:01.33,-0.47521,-0.25979,-0.07758,0.03333,0.0,-0.0,0
342,12:28:01.40,-0.57321,-0.28979,0.20133,0.03333,0.0,-0.0,0
343,12:28:01.46,-0.226,-0.30979,0.25568,0.06667,0.0,-0.0,0
344,12:28:01.52,-0.265,-0.20179,0.29107,0.0,-0.03333,-0.0,0
345,12:28:01.59,-0.294,-0.30979,0.25739,0.03333,0.03333,-0.0,0
346,12:28:01.65,-0.10379,-0.05964,0.31236,0.0,-0.03333,-0.0,0
347,12:28:01.72,-0.13279,-0.15764,0.40511,0.03333,0.0,-0.0,0
348,12:28:01.78,-0.14279,-0.13864,0.29686,0.03333,0.0,-0.0,0
349,12:28:01.84,-0.25079,-0.15764,0.30156,0.0,0.03333,-0.0,0
350,12:28:01.91,-0.15279,-0.18764,0.16305,0.0,0.0,-0.0,0
351,12:28:01.97,-0.17179,-0.08864,0.1879,0.03333,0.03333,-0.0,0
352,12:28:02.04,0.12221,-0.33464,0.29316,0.13333,0.16667,-0.06667,0
353,12:28:02.10,0.0,-0.32464,0.25357,0.06667,0.03333,-0.0,0
354,12:28:02.16,-0.108,-0.19664,0.35436,0.0,0.0,-0.0,0
355,12:28:02.23,-0.088,-0.11864,0.15489,0.0,-0.03333,-0.0,0
356,12:28:02.29,0.01421,-0.16764,0.16804,0.0,0.0,-0.0,0
357,12:28:02.35,0.05321,-0.13864,0.05836,0.03333,0.0,-0.0,0
358,12:28:02.42,0.04421,-0.18764,0.15867,0.0,-0.03333,-0.0,0
359,12:28:02.48,-0.01479,-0.24564,0.27037,0.0,0.0,-0.0,0
360,12:28:02.54,0.00421,-0.06964,0.18271,0.0,0.0,-0.0,0
361,12:28:02.60,0.07321,-0.11864,0.23281,0.03333,0.0,-0.03333,0
362,12:28:02.67,0.12221,-0.11864,0.2624,0.06667,0.0,-0.0,0
363,12:28:02.73,0.07321,-0.10864,0.18347,-0.03333,-0.03333,-0.0,0
364,12:28:02.80,0.11221,-0.04964,0.23963,0.0,0.0,-0.0,0
365,12:28:02.86,0.08321,-0.10864,0.26221,0.0,0.0,-0.0,0
366,12:28:02.92,0.06321,-0.29979,0.27227,0.0,0.0,-0.03333,0
367,12:28:02.99,-0.03479,-0.15279,0.2102,0.0,0.0,-0.0,0
368,12:28:03.05,-0.02479,-0.32879,0.25597,0.06667,0.0,-0.0,0
369,12:28:03.12,-0.06379,-0.15279,0.28871,0.0,-0.03333,-0.0,0
370,12:28:03.18,-0.05479,-0.22079,0.27089,0.0,0.03333,-0.0,3
371,12:28:03.24,-0.03479,-0.18179,0.19119,0.0,0.0,-0.0,3
372,12:28:03.31,-0.02479,-0.18179,0.21995,0.0,-0.03333,-0.0,3
373,12:28:03.37,0.03421,-0.24079,0.23117,0.0,0.0,-0.0,3
374,12:28:03.43,-0.02479,-0.14279,0.25863,-0.03333,-0.03333,-0.0,3
375,12:28:03.50,-0.12279,-0.06379,0.23888,0.0,0.0,-0.0,3
376,12:28:03.56,-0.00579,-0.15279,0.19967,0.0,0.0,-0.0,3
377,12:28:03.62,-0.00579,-0.265,0.21696,-0.03333,-0.03333,-0.0,3
378,12:28:03.68,0.26436,-0.226,0.45066,-0.03333,-0.03333,-0.06667,3
379,12:28:03.74,0.68436,-0.284,0.30049,-0.23333,-0.13333,0.06667,3
380,12:28:03.80,0.96936,0.117,0.64228,-0.13333,-0.16667,0.1,3
381,12:28:03.87,1.17536,-0.137,0.82196,0.0,0.06667,0.33333,3
382,12:28:03.93,1.078,-0.49521,0.6618,0.0,0.2,0.63333,3
383,12:28:04.00,0.72979,-0.206,0.47766,0.26667,0.4,0.83333,3
384,12:28:04.06,0.27569,-0.667,0.21096,0.93333,1.03333,0.8,3
385,12:28:04.12,0.43146,-1.15358,0.42962,0.96667,0.9,1.1,3
386,12:28:04.19,-0.29461,-0.90346,0.15568,1.83333,1.46667,0.93333,3
387,12:28:04.25,0.26718,-1.44175,0.39049,2.5,1.83333,1.0,3
388,12:28:04.32,0.00111,-1.01878,0.22332,2.0,1.1,1.03333,3
389,12:28:04.38,-1.20698,-1.56093,0.30058,2.33333,1.2,1.2,3
390,12:28:04.44,-0.99878,-0.85135,-0.12728,1.8,0.26667,1.1,3
391,12:28:04.50,-0.13881,-1.38302,0.46601,1.86667,0.3,1.33333,3
392,12:28:04.56,-0.54372,-0.61649,0.10328,1.5,0.16667,1.43333,3
393,12:28:04.62,-0.76025,0.92991,-0.40221,1.63333,0.33333,0.83333,3
394,12:28:04.69,0.48654,-2.38522,1.01575,2.5,1.76667,1.53333,3
395,12:28:04.75,-3.76738,-1.17809,-0.23048,2.3,2.13333,1.56667,3
396,12:28:04.82,-2.98396,-0.92049,-0.11164,1.63333,0.63333,0.76667,3
397,12:28:04.88,-2.88326,-0.64548,-0.14656,1.06667,0.4,0.46667,3
398,12:28:04.94,-0.83967,-0.96848,0.06724,-0.03333,-0.3,-0.03333,3
399,12:28:05.01,-1.96767,0.67751,-0.02816,0.0,0.3,-0.0,3
400,12:28:05.07,-0.85053,0.80768,0.02303,-0.56667,-0.4,-0.43333,3
401,12:28:05.14,-0.58876,0.65478,0.03577,-1.0,-0.4,-0.23333,3
402,12:28:05.20,-0.76873,0.41217,-0.26651,-1.0,0.1,-0.3,3
403,12:28:05.26,-1.05567,0.86164,-0.01024,-1.46667,-0.6,-0.56667,3
404,12:28:05.33,-0.68077,0.88164,-0.01993,-1.26667,-0.73333,-0.56667,3
405,12:28:05.39,-0.22561,0.77364,-0.05149,-2.4,-1.63333,-1.3,3
406,12:28:05.45,-0.22561,0.77364,-0.05149,-2.4,-1.63333,-1.3,3
407,12:28:05.50,1.16348,0.54791,-0.207,-2.93333,-0.93333,-1.7,3
408,12:28:05.56,2.139,-1.22811,0.70125,-3.7,-1.9,-2.0,3
409,12:28:05.62,3.49251,-2.30499,1.04947,-2.66667,-1.4,-1.53333,3
410,12:28:05.69,2.80446,-2.02146,0.1401,-1.56667,-0.83333,-1.23333,3
411,12:28:05.75,1.59969,-1.28564,-0.18451,-1.23333,-1.06667,-1.4,3
412,12:28:05.81,0.79464,-0.87642,-0.36629,-2.06667,-2.0,-1.53333,3
413,12:28:05.88,2.42931,-2.31461,-0.14177,-2.36667,-2.63333,-1.36667,3
414,12:28:05.94,2.43984,-3.32059,0.72794,-0.13333,-0.43333,-0.7,3
415,12:28:06.00,2.12584,-3.12689,1.47206,0.26667,-0.2,-0.4,3
416,12:28:06.07,1.32149,-2.16359,1.28186,0.3,0.03333,-0.03333,3
417,12:28:06.13,0.77962,-1.98659,0.97316,0.16667,-0.03333,-0.0,3
418,12:28:06.19,0.73062,-2.28059,0.56633,0.0,0.06667,-0.0,3
419,12:28:06.26,0.66929,-2.69922,0.0037,0.06667,0.03333,-0.0,3
420,12:28:06.32,0.40429,-2.18946,0.13626,0.0,0.1,0.03333,3
421,12:28:06.38,0.28629,-2.07517,-0.25905,0.1,0.03333,0.13333,0
422,12:28:06.45,0.08029,-1.68701,-0.06638,0.1,0.06667,0.1,0
423,12:28:06.51,0.22729,-1.30525,0.12769,0.06667,0.0,0.03333,0
424,12:28:06.57,0.32629,-1.19761,0.29819,0.0,0.0,-0.0,0
425,12:28:06.63,0.42429,-1.12784,0.04002,0.03333,0.03333,-0.03333,0
426,12:28:06.70,0.24454,-1.06749,0.23679,0.06667,0.0,-0.0,0
427,12:28:06.76,0.26354,-0.69262,0.33641,0.0,0.03333,-0.03333,0
428,12:28:06.82,0.25454,-0.33629,0.27713,0.03333,0.0,-0.03333,0
429,12:28:06.88,0.13342,-0.65029,0.05311,0.0,0.0,-0.0,0
430,12:28:06.94,0.14242,-0.42529,0.29223,-0.03333,0.0,-0.03333,0
431,12:28:07.01,0.08442,-0.42529,0.27859,0.0,0.0,-0.0,0
432,12:28:07.07,0.18242,-0.36254,0.17335,-0.03333,0.03333,-0.0,0
433,12:28:07.13,-0.00458,-0.13754,0.25997,0.1,0.03333,-0.03333,0
434,12:28:07.20,0.16242,-0.25554,0.24233,0.06667,0.0,-0.0,0
435,12:28:07.26,0.07442,-0.02642,0.56401,-0.03333,0.0,-0.0,0
436,12:28:07.32,0.13342,-0.37254,0.20626,0.0,0.1,-0.03333,0
437,12:28:07.39,0.237,-0.34354,-0.09228,-0.03333,0.06667,-0.03333,0
438,12:28:07.45,0.1,-0.05854,0.0514,0.03333,0.0,0.03333,0
439,12:28:07.51,-0.155,-0.10754,0.28949,0.0,0.03333,-0.0,0
440,12:28:07.58,-0.028,-0.20654,0.23971,0.0,0.0,-0.0,0
441,12:28:07.64,0.041,-0.08542,0.11331,0.03333,0.03333,-0.0,0
442,12:28:07.71,0.002,0.04258,0.15764,0.0,0.0,-0.0,0
443,12:28:07.77,0.129,-0.02642,0.17923,0.1,-0.03333,-0.0,0
444,12:28:07.83,0.012,0.00358,0.31695,0.06667,0.0,-0.0,0
445,12:28:07.89,0.061,-0.03642,0.36743,0.0,0.0,-0.0,0
446,12:28:07.96,0.227,-0.18342,0.24664,0.0,0.03333,-0.03333,0
447,12:28:08.02,0.12,-0.05542,0.16822,0.0,0.0,-0.0,0
448,12:28:08.08,0.139,-0.08542,0.03787,0.0,0.0,-0.03333,0
449,12:28:08.15,0.061,0.01258,0.2855,0.03333,0.0,-0.0,0
450,12:28:08.21,-0.018,0.01258,0.24364,0.0,0.0,-0.0,0
451,12:28:08.28,0.11,-0.01642,0.31748,0.03333,0.0,-0.03333,0
452,12:28:08.34,0.169,-0.01642,0.31348,0.0,0.0,-0.03333,0
453,12:28:08.40,0.149,-0.02642,0.24583,0.0,0.0,-0.03333,0
454,12:28:08.47,0.208,-0.05542,0.14254,0.03333,0.03333,-0.0,0
455,12:28:08.53,0.05631,-0.12442,0.08659,0.0,0.0,-0.0,0
456,12:28:08.59,-0.02169,-0.06542,0.10707,0.0,0.0,-0.0,0
457,12:28:08.66,-0.04169,-0.09442,0.15409,0.06667,0.0,-0.0,0
458,12:28:08.72,-0.08069,-0.14342,0.10425,0.0,0.0,-0.0,0
459,12:28:08.79,-0.02169,-0.13442,0.0139,0.1,0.0,-0.0,0
460,12:28:08.85,0.17431,-0.111,-0.02027,0.1,0.03333,-0.0,3
461,12:28:08.91,0.26231,-0.121,0.02343,0.1,0.0,-0.0,3
462,12:28:08.98,0.39031,-0.326,0.31853,0.2,0.03333,0.03333,3
463,12:28:09.04,0.70331,-0.36131,0.09024,0.26667,0.1,0.13333,3
464,12:28:09.11,1.44442,-1.80742,0.50668,1.0,0.96667,0.53333,3
465,12:28:09.17,1.882,-1.99936,0.73805,1.53333,1.33333,0.63333,3
466,12:28:09.23,2.23158,-2.295,0.66068,1.73333,1.4,0.66667,3
467,12:28:09.29,1.94458,-2.47164,0.7188,2.2,1.53333,0.6,3
468,12:28:09.36,1.54016,-3.00146,0.59318,2.33333,1.4,0.56667,3
469,12:28:09.42,1.54016,-3.00146,0.59318,2.33333,1.4,0.56667,3
470,12:28:09.49,1.51999,-3.86323,0.50451,1.33333,-0.13333,0.83333,3
471,12:28:09.55,1.728,-3.97299,0.57549,1.23333,-0.16667,0.86667,3
472,12:28:09.61,1.87683,-3.32983,0.27045,0.86667,-0.46667,0.83333,3
473,12:28:09.67,1.85783,-3.44054,0.0922,1.26667,0.13333,0.9,3
474,12:28:09.74,2.26354,-3.24478,0.11161,1.06667,0.0,0.76667,3
475,12:28:09.80,1.83178,-2.96411,-0.06417,1.03333,0.03333,0.76667,3
476,12:28:09.86,2.14141,-2.92391,0.08281,1.16667,0.1,1.0,3
477,12:28:09.92,2.45311,-2.21811,-0.1182,0.9,-0.3,1.2,3
478,12:28:09.99,2.18691,-2.68158,0.1659,1.03333,-0.5,1.23333,3
479,12:28:10.05,3.65911,-2.57735,0.71586,1.16667,-0.1,1.3,3
480,12:28:10.11,3.17158,-1.59248,0.15204,1.76667,1.3,1.46667,3
481,12:28:10.17,1.55648,-0.05902,-0.37838,2.56667,0.86667,1.56667,3
482,12:28:10.24,1.60922,0.55152,-0.26304,1.23333,0.66667,0.86667,3
483,12:28:10.30,2.04819,0.49252,-0.08578,0.7,0.36667,0.4,3
484,12:28:10.36,2.10237,0.12851,0.01457,0.0,0.56667,0.23333,3
485,12:28:10.43,2.24937,-0.04849,0.02005,-0.43333,-0.06667,-0.2,3
486,12:28:10.49,2.61836,-0.70348,0.09345,-0.73333,0.0,-0.26667,3
487,12:28:10.55,1.44136,-0.469,-0.06561,-1.2,-0.03333,-0.36667,3
488,12:28:10.61,1.16619,-0.05902,-0.17548,-1.2,-0.33333,-0.36667,3
489,12:28:10.67,3.39422,-0.59148,0.07869,-1.26667,-0.16667,-0.8,3
490,12:28:10.73,3.30032,-0.67535,0.05858,-1.33333,0.0,-0.96667,3
491,12:28:10.80,3.25349,-0.80858,0.06313,-2.13333,-1.4,-1.63333,3
492,12:28:10.86,0.93558,-1.47193,-0.32113,-3.33333,-3.33333,-1.83333,3
493,12:28:10.93,2.91054,-2.13678,0.90987,-2.63333,-2.86667,-1.73333,3
494,12:28:10.99,2.19523,-1.787,0.51708,-1.0,-0.36667,-1.23333,3
495,12:28:11.05,2.22751,-1.41175,0.63554,-1.33333,-0.96667,-1.03333,3
496,12:28:11.12,0.76171,-0.66623,0.14052,-1.36667,-0.6,-1.46667,3
497,12:28:11.18,-1.19554,0.15584,0.07685,-1.63333,-0.63333,-3.03333,3
498,12:28:11.25,0.62869,0.16554,0.29752,-3.53333,-3.06667,-3.1,3
499,12:28:11.31,0.734,-0.78979,0.1673,-0.46667,-0.26667,-1.46667,3
500,12:28:11.37,0.362,0.009,1.38413,0.16667,0.2,-0.5,3
501,12:28:11.44,0.126,0.734,1.36181,0.36667,0.16667,-0.13333,3
502,12:28:11.50,0.0,0.793,0.80838,0.23333,0.06667,0.1,3
503,12:28:11.56,-0.324,1.038,0.91055,0.16667,0.1,0.03333,3
504,12:28:11.63,-0.294,0.548,0.2119,0.06667,0.06667,-0.03333,3
505,12:28:11.69,-0.75921,0.332,-0.01964,0.0,0.06667,-0.0,3
506,12:28:11.75,-0.50421,0.381,0.10778,0.1,-0.03333,-0.0,0
507,12:28:11.81,-0.72021,0.274,0.18151,0.03333,0.03333,-0.0,0
508,12:28:11.88,-0.559,0.401,0.27485,0.13333,0.0,0.03333,0
509,12:28:11.94,-0.5,0.303,0.12101,0.1,0.0,0.03333,0
510,12:28:12.00,-0.598,0.411,0.14012,0.1,0.0,-0.0,0
511,12:28:12.06,-0.422,0.274,0.09766,0.1,0.0,-0.0,0
512,12:28:12.13,-0.657,0.117,0.31234,0.06667,0.0,-0.0,0
513,12:28:12.19,-0.647,0.274,0.1385,0.16667,0.0,-0.0,0
514,12:28:12.25,-0.579,0.087,0.32638,0.1,0.0,-0.0,0
515,12:28:12.31,-0.559,0.107,0.42318,0.03333,0.0,-0.0,0
516,12:28:12.38,-0.39779,0.185,0.357,0.0,0.0,-0.0,0
517,12:28:12.44,-0.36779,0.244,0.3955,0.1,0.0,-0.03333,0
518,12:28:12.50,-0.27979,0.097,0.39902,-0.06667,0.0,-0.0,0
519,12:28:12.56,-0.34879,0.146,0.30499,0.0,0.03333,-0.0,0
520,12:28:12.63,-0.34879,0.117,0.25576,-0.03333,0.03333,-0.0,0
521,12:28:12.69,-0.33879,0.195,0.14875,0.0,0.0,-0.0,0
522,12:28:12.75,-0.30979,-0.10321,-0.03089,0.0,0.06667,-0.0,0
523,12:28:12.82,-0.34879,-0.01521,-0.02788,0.0,0.0,-0.0,0
524,12:28:12.88,-0.03064,-0.05421,0.07268,-0.03333,-0.06667,-0.0,0
525,12:28:12.94,-0.15764,0.05379,0.13891,0.0,0.0,-0.0,0
526,12:28:13.01,-0.11864,0.06279,0.26492,0.03333,0.0,-0.0,0
527,12:28:13.07,-0.04964,0.02379,0.10457,0.03333,0.0,-0.0,0
528,12:28:13.13,-0.10864,0.07279,0.27369,0.06667,0.0,-0.0,0
529,12:28:13.20,-0.05964,-0.01521,0.24103,0.03333,0.0,-0.03333,0
530,12:28:13.26,-0.01064,-0.02521,0.1612,0.06667,0.0,-0.0,0
531,12:28:13.33,-0.10864,0.05379,0.381,0.03333,0.0,-0.0,0
532,12:28:13.39,-0.12864,0.03379,0.39144,0.03333,0.0,-0.0,0
533,12:28:13.45,-0.18764,-0.07421,0.34382,0.0,0.0,-0.0,0
534,12:28:13.52,-0.15764,-0.03521,0.20614,0.0,0.0,-0.0,0
535,12:28:13.58,-0.11864,-0.04521,0.1064,0.0,0.03333,-0.0,0
536,12:28:13.64,-0.08864,-0.03521,0.1541,0.0,0.0,-0.0,0
537,12:28:13.70,-0.08864,0.02379,0.26282,0.0,0.0,-0.0,0
538,12:28:13.77,-0.10864,0.08279,0.27393,0.0,0.06667,-0.03333,0
539,12:28:13.83,-0.04964,0.11179,0.10667,0.0,0.03333,-0.03333,0
540,12:28:13.89,0.01836,0.05379,0.12174,0.0,0.0,-0.0,3
541,12:28:13.96,0.05836,0.07279,0.08203,0.0,0.0,-0.03333,3
542,12:28:14.02,-0.02064,0.04379,0.10389,0.06667,0.0,-0.0,3
543,12:28:14.09,0.02836,0.06279,0.05373,0.1,0.0,-0.0,3
544,12:28:14.15,0.06736,0.05379,0.15024,0.1,0.0,-0.06667,3
545,12:28:14.21,0.05836,-0.20021,0.22597,0.23333,0.1,-0.03333,3
546,12:28:14.28,0.41936,-0.65221,0.11582,0.43333,0.23333,-0.03333,3
547,12:28:14.34,0.59221,-0.765,0.55089,0.73333,0.5,0.26667,3
548,12:28:14.40,0.60279,-1.23079,0.45011,1.0,0.9,0.1,3
549,12:28:14.47,0.83858,-1.15764,0.48135,0.6,0.53333,0.13333,3
550,12:28:14.53,0.88558,-1.17869,0.32258,0.76667,0.7,0.06667,3
551,12:28:14.59,1.20646,-1.26769,0.26418,0.63333,0.46667,0.13333,3
552,12:28:14.65,1.60238,-1.94558,0.62141,0.93333,0.66667,0.16667,3
553,12:28:14.71,1.59916,-2.46871,0.59433,0.9,0.56667,0.36667,3
554,12:28:14.78,1.31339,-2.74138,0.314,1.06667,0.6,0.5,3
555,12:28:14.84,0.91075,-3.04116,-0.02181,1.6,0.8,0.53333,3
556,12:28:14.91,1.129,-3.09875,0.24366,2.33333,0.96667,0.33333,3
557,12:28:14.97,1.63018,-4.23554,0.50399,2.0,0.3,0.66667,3
558,12:28:15.03,1.70378,-3.72141,0.35896,1.56667,-0.13333,0.7,3
559,12:28:15.10,0.85511,-3.06091,-0.19075,1.46667,0.2,0.76667,3
560,12:28:15.16,1.15793,-3.65011,0.02173,1.6,-0.1,0.9,3
561,12:28:15.23,1.58893,-3.54835,0.12573,1.06667,-0.8,0.9,3
562,12:28:15.29,1.97091,-3.31502,0.28501,1.33333,-1.03333,0.96667,3
563,12:28:15.35,2.70811,-3.74448,0.53751,2.23333,0.26667,1.63333,3
564,12:28:15.42,1.92102,-1.73709,0.05203,1.83333,0.53333,1.3,3
565,12:28:15.48,2.74609,-1.16922,0.19972,1.33333,0.13333,1.0,3
566,12:28:15.55,1.82522,-1.06122,0.04463,1.0,0.26667,1.06667,3
567,12:28:15.61,1.29383,-0.50983,-0.0381,1.0,0.26667,1.0,3
568,12:28:15.67,0.17636,0.02917,-0.18348,0.63333,0.13333,0.8,3
569,12:28:15.73,-0.57975,0.06817,-0.21798,0.3,0.16667,0.13333,3
570,12:28:15.79,0.14306,0.88217,-0.32143,0.06667,-0.23333,-0.23333,3
571,12:28:15.86,1.83225,0.44117,0.025,-0.56667,0.4,-0.33333,3
572,12:28:15.92,1.60237,-0.11783,-3e-05,-1.26667,0.06667,-0.5,3
573,12:28:15.98,1.98919,-0.93732,0.0411,-1.9,-0.43333,-0.93333,3
574,12:28:16.05,2.52883,-1.12909,0.09055,-1.73333,-0.13333,-0.96667,3
575,12:28:16.11,2.51109,-1.64548,0.09884,-1.1,0.83333,-0.7,3
576,12:28:16.18,2.34149,-2.35402,0.09239,-1.6,0.66667,-0.6,3
577,12:28:16.24,1.57649,-1.32748,-0.12772,-1.6,-0.06667,-0.93333,3
578,12:28:16.30,1.87948,-2.77058,0.119,-1.76667,-0.9,-0.83333,3
579,12:28:16.37,2.61148,-2.63011,0.32504,-1.23333,-0.3,-0.8,3
580,12:28:16.43,2.53358,-2.67893,0.31704,-0.76667,0.3,-0.6,3
581,12:28:16.50,2.12158,-2.79711,0.23132,-1.1,-0.2,-0.56667,3
582,12:28:16.56,1.27611,-2.41741,-0.08464,-1.26667,-0.5,-0.43333,3
583,12:28:16.62,-0.63707,-0.95418,-0.92967,-1.83333,-1.26667,-0.96667,3
584,12:28:16.68,-0.44882,-0.934,0.03211,-4.8,-4.6,-1.16667,3
585,12:28:16.75,0.58816,-2.00538,0.45377,-3.06667,-2.76667,-0.63333,3
586,12:28:16.81,0.05258,-0.842,1.17217,0.16667,-0.16667,-0.83333,3
587,12:28:16.87,0.213,-0.58069,1.00438,-0.06667,-0.16667,-0.36667,3
588,12:28:16.93,-0.64,-0.00169,0.93099,0.2,-0.1,-0.13333,3
589,12:28:17.00,-1.01731,-0.01169,0.56317,0.0,0.03333,-0.06667,3
590,12:28:17.06,-1.551,0.16431,0.53167,0.3,0.16667,-0.16667,3
591,12:28:17.13,-1.218,-0.60969,0.52129,0.0,0.06667,-0.26667,0
592,12:28:17.19,-0.992,-0.79669,0.23214,-0.03333,0.16667,-0.2,0
593,12:28:17.25,-0.904,-0.68869,-0.12967,0.03333,0.1,-0.1,0
594,12:28:17.31,-1.04542,0.43931,0.21495,0.06667,-0.2,0.06667,0
595,12:28:17.38,-1.36842,0.51731,0.72843,0.06667,0.0,-0.03333,0
596,12:28:17.44,-1.09442,-0.65358,0.18136,0.0,0.0,-0.06667,0
597,12:28:17.50,-1.41742,-0.84958,0.25189,-0.03333,-0.03333,-0.0,0
598,12:28:17.57,-1.247,-0.25158,0.09203,-0.06667,-0.06667,0.06667,0
599,12:28:17.63,-1.228,-0.27158,0.1127,-0.1,0.0,0.06667,0
600,12:28:17.70,-1.061,-0.20258,0.2201,0.0,0.03333,-0.03333,0
601,12:28:17.76,-0.96831,-0.04558,0.36863,-0.03333,-0.03333,-0.0,0
602,12:28:17.82,-0.85131,-0.30058,0.18794,0.0,0.0,-0.03333,0
603,12:28:17.88,-0.63142,0.58142,0.2529,0.0,-0.06667,0.13333,0
604,12:28:17.95,-1.51342,-0.35364,-0.19883,-0.03333,-0.03333,0.1,0
605,12:28:18.01,-1.10142,-0.80464,0.09933,0.0,-0.26667,0.03333,0
606,12:28:18.07,-1.51342,-0.32464,0.48505,0.0,-0.03333,-0.0,0
607,12:28:18.13,-1.51342,-0.26564,0.21111,0.13333,0.13333,-0.0,0
608,12:28:18.18,-1.26842,-0.22664,0.44972,0.0,-0.13333,-0.0,0
609,12:28:18.24,-1.34742,-0.03064,0.68125,0.03333,-0.03333,-0.0,0
610,12:28:18.31,-1.21942,-0.15764,0.23941,-0.03333,0.03333,-0.03333,0
611,12:28:18.37,-1.04342,-0.33464,0.20918,0.0,-0.03333,-0.06667,0
612,12:28:18.44,-0.90136,-0.41264,0.08035,0.0,0.0,-0.0,0
613,12:28:18.50,-1.07736,-0.39264,0.12879,0.0,0.0,-0.0,0
614,12:28:18.56,-1.13636,-0.33464,0.29443,0.06667,0.0,-0.0,0
615,12:28:18.63,-1.04421,-0.44264,0.3951,0.0,0.0,-0.0,0
616,12:28:18.69,-0.863,-0.25564,0.19812,0.03333,0.0,-0.03333,0
617,12:28:18.76,-0.902,-0.31464,0.27225,0.03333,0.03333,-0.0,0
618,12:28:18.82,-0.765,-0.23664,0.20808,0.0,0.0,-0.06667,0
619,12:28:18.88,-0.57379,-0.27564,0.06326,0.0,0.0,-0.03333,0
620,12:28:18.94,-0.41679,-0.33464,0.21234,0.03333,0.03333,-0.0,0
621,12:28:19.01,-0.49579,-0.20664,0.45281,0.03333,0.06667,-0.0,0
622,12:28:19.07,-0.56379,-0.31464,0.27893,-0.03333,0.03333,-0.0,0
623,12:28:19.13,-0.63279,-0.14764,0.25501,0.0,0.03333,-0.0,0
624,12:28:19.19,-0.45164,-0.14764,0.13824,0.0,-0.03333,-0.0,0
625,12:28:19.26,-0.51064,-0.03964,0.29405,0.0,0.0,-0.0,0
626,12:28:19.32,-0.36364,-0.08864,0.27505,0.0,0.0,-0.0,0
627,12:28:19.38,-0.25158,-0.05964,0.27805,0.0,0.0,-0.0,0
628,12:28:19.45,-0.18258,-0.06964,0.18616,0.0,-0.03333,-0.0,0
629,12:28:19.51,-0.29058,-0.05964,0.29091,0.0,0.0,-0.0,0
630,12:28:19.58,-0.20258,-0.20179,0.10756,0.0,0.03333,-0.03333,3
631,12:28:19.64,-0.20258,0.01421,0.09192,-0.03333,-0.03333,-0.06667,3
632,12:28:19.70,-0.08458,0.07321,0.12227,0.0,0.03333,-0.06667,3
633,12:28:19.76,0.43542,-0.05479,-0.43181,0.0,0.06667,-0.06667,3
634,12:28:19.83,1.55142,-1.47679,-0.6328,0.9,0.4,-0.13333,3
635,12:28:19.89,1.68021,-2.40858,-0.08183,2.86667,1.56667,-0.06667,3
636,12:28:19.95,1.71079,-2.78271,0.87631,3.2,1.7,-0.0,3
637,12:28:20.02,1.958,-3.27523,0.86546,2.96667,1.53333,0.36667,3
638,12:28:20.08,2.66471,-4.73018,1.22023,2.56667,1.1,0.9,3
639,12:28:20.14,2.05916,-4.06093,0.39091,2.13333,0.0,1.13333,3
640,12:28:20.21,1.34275,-3.77948,0.33506,1.96667,-0.43333,1.6,3
641,12:28:20.27,2.61799,-3.352,0.3988,1.4,-0.53333,1.5,3
642,12:28:20.34,2.80883,-3.13749,0.30931,1.53333,0.03333,1.33333,3
643,12:28:20.40,3.03778,-2.52632,0.24147,1.16667,-0.3,1.06667,3
644,12:28:20.46,3.11241,-2.53222,0.27421,1.26667,-0.16667,1.13333,3
645,12:28:20.53,3.35393,-1.70619,0.24782,1.13333,-0.23333,1.16667,3
646,12:28:20.59,3.45311,-1.83319,0.24917,1.3,0.03333,1.26667,3
647,12:28:20.65,3.12258,-0.91336,0.08622,1.4,0.03333,1.33333,3
648,12:28:20.71,2.57648,-0.34325,0.02514,1.43333,0.46667,1.6,3
649,12:28:20.78,-0.87381,0.72894,-0.06243,1.6,0.56667,1.4,3
650,12:28:20.84,-0.60463,0.98394,-0.23725,1.36667,0.0,0.83333,3
651,12:28:20.91,0.6636,2.07317,-0.19856,0.7,0.33333,0.26667,3
652,12:28:20.97,0.6764,1.89617,-0.05483,-0.23333,0.4,0.03333,3
653,12:28:21.03,0.93728,1.86717,-0.00825,-0.83333,0.16667,-0.43333,3
654,12:28:21.10,0.9614,1.74917,-0.00073,-1.03333,0.03333,-0.56667,3
655,12:28:21.16,1.09406,0.51975,-1.05435,-1.8,-0.23333,-1.23333,3
656,12:28:21.22,2.20519,-0.30425,-0.43593,-1.83333,-0.46667,-1.6,3
657,12:28:21.28,1.72132,0.01864,-0.00481,-1.56667,-0.03333,-1.46667,3
658,12:28:21.35,2.60802,-1.73519,0.29122,-3.33333,-2.46667,-2.76667,3
659,12:28:21.41,2.44311,-1.24722,0.37888,-2.13333,-1.93333,-2.4,3
660,12:28:21.47,2.99975,-2.77449,1.16847,-2.4,-1.7,-2.2,3
661,12:28:21.54,2.60238,-2.25602,1.36403,-2.53333,-1.33333,-1.93333,3
662,12:28:21.60,1.58969,-1.27711,0.24009,-1.16667,0.4,-1.73333,3
663,12:28:21.66,1.83958,-1.24811,-0.15572,-0.5,0.6,-0.86667,3
664,12:28:21.73,0.91758,-0.15241,-0.32704,-2.73333,-1.03333,-1.23333,3
665,12:28:21.79,0.25879,0.64217,0.31375,-4.13333,-2.43333,-1.03333,3
666,12:28:21.85,0.38036,0.04649,-0.19021,-1.56667,-0.56667,-0.53333,3
667,12:28:21.91,-0.41858,1.81254,0.88368,-0.16667,0.3,-0.3,3
668,12:28:21.98,-0.77158,1.91642,0.52089,0.2,0.3,-0.0,3
669,12:28:22.04,-1.15764,2.00542,0.67016,-0.2,-0.2,0.1,3
670,12:28:22.11,-1.10864,1.746,0.35059,0.3,0.13333,-0.0,3
671,12:28:22.17,-1.08964,1.688,0.34334,0.0,0.0,0.03333,3
672,12:28:22.23,-1.13864,1.77231,0.38256,0.13333,0.0,-0.0,3
673,12:28:22.30,-1.11864,1.54631,0.29315,0.06667,0.03333,-0.03333,3
674,12:28:22.36,-1.06964,1.09142,0.1898,0.1,0.0,-0.03333,3
675,12:28:22.42,-1.07964,1.27742,0.23151,0.0,0.0,-0.03333,3
676,12:28:22.49,-0.77158,0.91521,0.18384,-0.03333,0.0,-0.03333,0
677,12:28:22.55,-0.63358,0.587,0.03242,0.1,0.06667,-0.03333,0
678,12:28:22.62,-0.72258,0.793,0.35484,-0.06667,0.0,-0.0,0
679,12:28:22.68,-0.76158,0.813,0.22594,0.03333,0.0,-0.0,0
680,12:28:22.74,-0.94758,0.97,0.22583,0.0,0.0,-0.0,0
681,12:28:22.81,-0.70869,0.62179,0.13423,0.03333,0.06667,-0.03333,0
682,12:28:22.87,-0.58069,0.62179,0.22317,0.0,0.06667,-0.06667,0
683,12:28:22.93,-0.489,0.55864,0.20384,0.0,0.06667,-0.06667,0
684,12:28:23.00,-0.224,0.54864,0.25816,0.0,0.0,-0.06667,0
685,12:28:23.06,-0.312,0.62764,0.14071,0.03333,0.03333,-0.03333,0
686,12:28:23.13,-0.165,0.47558,0.21301,0.03333,0.0,-0.03333,0
687,12:28:23.19,-0.243,0.38758,0.23257,0.03333,0.0,-0.03333,0
688,12:28:23.25,-0.145,0.39758,0.28149,0.06667,0.0,-0.0,0
689,12:28:23.31,-0.204,0.31958,0.25132,0.0,0.0,-0.03333,0
690,12:28:23.37,-0.302,0.19769,0.17955,0.0,0.0,-0.03333,0
691,12:28:23.44,-0.234,0.23669,0.12753,0.03333,0.03333,-0.0,0
692,12:28:23.50,-0.05358,0.16769,0.01453,0.0,0.0,-0.06667,0
693,12:28:23.56,-0.06358,0.35369,0.22482,0.0,0.0,-0.03333,0
694,12:28:23.63,-0.03358,0.14869,0.22283,0.03333,0.0,-0.03333,0
695,12:28:23.69,-0.00458,0.17769,0.21245,-0.03333,0.0,-0.03333,0
696,12:28:23.75,-0.01358,0.027,0.10902,0.06667,0.0,-0.03333,0
697,12:28:23.81,-0.02358,0.164,0.25799,0.06667,0.0,-0.03333,0
698,12:28:23.88,-0.21058,0.066,0.10621,0.1,-0.03333,-0.06667,0
699,12:28:23.94,-0.10258,0.24669,0.22863,0.06667,-0.03333,-0.06667,0
700,12:28:24.01,-0.08258,0.12869,0.28429,0.03333,0.0,-0.06667,0
701,12:28:24.07,-0.04358,0.02069,0.32065,0.03333,0.0,-0.06667,0
702,12:28:24.13,-0.09258,0.27569,0.40356,0.0,0.0,-0.0,0
703,12:28:24.20,0.01542,0.085,0.26537,0.0,0.0,-0.03333,0
704,12:28:24.26,-0.04358,0.036,0.22868,0.0,0.0,-0.03333,0
705,12:28:24.32,0.02542,0.046,0.24231,0.0,0.03333,-0.03333,0
706,12:28:24.39,-0.09258,0.066,0.17866,0.0,0.0,-0.03333,0
707,12:28:24.44,-0.11258,0.183,0.28772,0.03333,-0.03333,-0.03333,0
708,12:28:24.50,-0.09258,0.203,0.17228,0.0,0.03333,-0.03333,0
709,12:28:24.56,-0.02358,0.154,0.06415,0.0,0.0,-0.06667,0
710,12:28:24.63,0.00542,0.105,0.00834,0.0,0.0,-0.03333,3
711,12:28:24.69,-0.01358,0.311,0.25279,0.0,-0.03333,-0.0,3
712,12:28:24.75,-0.00458,0.01258,0.25797,0.0,0.0,-0.03333,3
713,12:28:24.82,0.01542,-0.01642,-0.03578,0.0,0.0,-0.03333,3
714,12:28:24.88,-0.06358,-0.11442,-0.02713,0.0,0.0,-0.0,3
715,12:28:24.95,-0.14158,-0.13442,-0.02982,0.1,0.06667,-0.0,3
716,12:28:25.01,0.19142,-0.34042,-0.0123,0.2,0.13333,-0.0,3
717,12:28:25.07,0.61342,-0.121,-0.2112,0.43333,0.3,0.1,3
718,12:28:25.14,1.48542,-0.444,-0.39392,0.5,0.16667,0.26667,3
719,12:28:25.20,1.40442,-1.35642,0.51739,1.43333,-0.26667,0.63333,3
720,12:28:25.26,0.26436,-2.236,0.91788,2.8,1.0,0.66667,3
721,12:28:25.33,1.30821,-3.37958,1.12634,1.53333,0.1,1.0,3
722,12:28:25.39,0.548,-3.35446,0.66685,1.66667,0.46667,0.8,3
723,12:28:25.45,1.47579,-4.67338,1.04432,1.4,0.1,1.3,3
724,12:28:25.51,1.39264,-4.36323,0.87075,1.86667,0.1,1.5,3
725,12:28:25.57,0.93269,-4.249,0.65255,1.86667,0.03333,1.3,3
726,12:28:25.64,1.21958,-3.90841,0.39996,1.6,-0.03333,1.46667,3
727,12:28:25.70,1.41246,-4.28811,0.47157,1.2,0.0,1.6,3
728,12:28:25.76,1.92638,-4.19911,0.5768,1.23333,0.46667,1.46667,3
729,12:28:25.82,2.37551,-4.28058,0.65255,1.0,0.26667,1.7,3
730,12:28:25.89,3.43123,-3.82848,0.7088,1.1,0.86667,2.0,3
731,12:28:25.95,3.41054,-2.56002,0.15365,1.4,1.6,2.33333,3
732,12:28:26.01,3.13791,-1.724,-0.00227,1.33333,1.2,1.76667,3
733,12:28:26.08,4.47448,-0.802,0.13682,1.7,0.6,1.6,3
734,12:28:26.14,2.26349,-0.56648,-0.03086,1.43333,0.56667,1.7,3
735,12:28:26.21,-0.39078,-0.86048,-0.36998,1.03333,-0.03333,1.23333,3
736,12:28:26.27,-0.09881,1.09951,-0.83243,0.63333,-0.1,0.3,3
737,12:28:26.33,0.53819,1.45251,-0.64054,-0.03333,0.2,-0.16667,3
738,12:28:26.40,1.65619,0.48151,-0.11244,-0.73333,0.23333,-0.8,3
739,12:28:26.46,1.59719,0.55152,-0.03324,-1.3,0.0,-1.33333,3
740,12:28:26.52,2.09022,-0.87048,-0.00227,-1.6,-0.23333,-1.76667,3
741,12:28:26.58,2.97848,-2.774,0.09243,-1.73333,-0.26667,-1.8,3
742,12:28:26.65,2.65535,-2.54348,0.13905,-2.43333,-0.9,-2.06667,3
743,12:28:26.71,2.26591,-2.65635,0.17948,-1.7,-0.43333,-1.86667,3
744,12:28:26.77,3.32178,-4.19911,0.86861,-2.5,-1.26667,-1.93333,3
745,12:28:26.83,2.80883,-4.23911,1.05521,-1.46667,0.06667,-1.56667,3
746,12:28:26.90,2.71575,-4.15118,0.91943,-2.2,-0.36667,-1.83333,3
747,12:28:26.96,1.42139,-2.493,0.3815,-3.03333,-1.43333,-1.73333,3
748,12:28:27.02,0.51151,-2.71623,0.65606,-3.3,-1.53333,-1.96667,3
749,12:28:27.09,0.68769,-1.842,0.41473,-5.66667,-3.26667,-2.93333,3
750,12:28:27.15,-0.206,0.21979,-1.08939,-0.4,0.6,-1.13333,3
751,12:28:27.21,-0.471,0.18769,0.28934,0.2,0.66667,0.03333,3
752,12:28:27.28,-0.686,0.87369,0.98252,0.16667,0.0,0.1,3
753,12:28:27.34,-1.24021,0.68769,0.61428,0.13333,0.16667,0.23333,3
754,12:28:27.40,-1.19121,0.36369,0.2384,0.0,0.03333,0.1,3
755,12:28:27.47,-1.21021,0.13869,0.1237,0.2,0.13333,0.13333,3
756,12:28:27.53,-1.32821,0.30469,0.05545,0.06667,0.0,0.13333,3
757,12:28:27.60,-1.16121,0.21669,0.07731,0.16667,-0.03333,0.03333,3
758,12:28:27.66,-1.46521,0.27569,0.13554,0.2,0.0,-0.0,3
759,12:28:27.72,-1.216,0.31958,0.51831,0.13333,-0.03333,0.03333,3
760,12:28:27.79,-1.206,0.30958,0.3723,0.0,0.0,-0.0,3
761,12:28:27.85,-1.216,0.21158,0.16429,0.13333,-0.03333,-0.0,3
762,12:28:27.91,-1.098,0.10358,0.28856,0.03333,0.03333,-0.0,3
763,12:28:27.98,-1.02,0.11358,0.19449,0.03333,0.0,-0.0,3
764,12:28:28.04,-1.177,0.18158,0.25386,0.03333,0.03333,-0.03333,3
765,12:28:28.10,-0.82879,0.06458,0.15116,0.03333,0.03333,-0.06667,3
766,12:28:28.17,-0.86779,0.13258,0.19756,0.03333,0.0,-0.0,3
767,12:28:28.23,-0.70179,0.17158,0.18464,0.03333,0.0,-0.03333,3
768,12:28:28.29,-0.58964,0.10358,0.28233,0.0,0.0,-0.03333,3
769,12:28:28.36,-0.52064,0.08358,0.21686,0.0,0.03333,-0.03333,3
770,12:28:28.42,-0.60864,0.32858,0.24161,0.03333,0.03333,-0.0,3
771,12:28:28.48,-0.38858,0.23058,0.18139,0.03333,0.06667,-0.0,0
772,12:28:28.54,-0.36958,0.16258,0.12662,0.0,0.0,-0.0,0
773,12:28:28.60,-0.44758,0.30958,0.30895,0.0,0.0,-0.0,0
774,12:28:28.67,-0.31058,-0.01831,0.12098,0.0,0.03333,-0.03333,0
775,12:28:28.73,-0.28058,-0.14631,0.09212,0.06667,0.0,-0.0,0
776,12:28:28.79,-0.29058,0.00069,0.15031,0.0,0.03333,-0.0,0
777,12:28:28.85,-0.11969,0.03069,0.02587,0.03333,0.0,-0.0,0
778,12:28:28.92,-0.12969,-0.00831,0.17918,0.1,0.0,-0.0,0
779,12:28:28.98,-0.01169,-0.13631,0.19254,0.06667,0.0,-0.0,0
780,12:28:29.05,-0.07069,-0.09731,0.16915,0.03333,-0.03333,-0.0,0
781,12:28:29.11,-0.10069,-0.01442,0.11815,0.06667,0.0,-0.0,0
782,12:28:29.17,-0.13969,-0.01442,0.26692,0.03333,0.0,-0.0,0
783,12:28:29.24,-0.20769,0.18158,0.47741,0.03333,-0.03333,-0.0,0
784,12:28:29.30,-0.19869,0.22058,0.499,0.03333,0.0,-0.0,0
785,12:28:29.36,-0.25669,0.17158,0.44239,0.0,0.0,-0.0,0
786,12:28:29.42,-0.26669,0.13258,0.35393,0.0,0.0,-0.03333,0
787,12:28:29.48,-0.22769,0.12258,0.26293,0.0,0.0,-0.03333,0
788,12:28:29.54,-0.20769,0.05458,0.10198,-0.03333,0.0,-0.03333,0
789,12:28:29.61,-0.09069,0.06969,0.06498,0.0,0.0,-0.03333,0
790,12:28:29.67,-0.11969,0.12869,0.21796,-0.03333,0.0,-0.03333,3
791,12:28:29.74,0.09,-0.01831,0.22325,0.0,0.0,-0.0,3
792,12:28:29.80,-0.12969,0.12869,0.22763,0.0,0.0,-0.03333,3
793,12:28:29.86,0.129,0.01069,-0.00038,0.0,0.0,-0.03333,3
794,12:28:29.93,-0.10969,0.09969,0.05002,0.03333,0.0,-0.03333,3
795,12:28:29.99,0.169,-0.00831,-0.01447,0.1,0.0,-0.03333,3
796,12:28:30.05,0.031,0.06969,0.07877,0.03333,0.0,-0.03333,3
797,12:28:30.12,0.129,0.04969,0.00245,0.1,0.0,-0.03333,3
798,12:28:30.18,0.169,0.06969,-0.09583,0.1,0.0,-0.03333,3
799,12:28:30.24,0.208,-0.32231,-0.17988,0.26667,0.0,-0.03333,3
800,12:28:30.30,0.27231,-0.53342,0.06356,1.1,0.53333,-0.03333,3
801,12:28:30.36,0.96342,-0.95621,-0.2341,0.43333,-0.1,0.06667,3
802,12:28:30.43,0.85136,-1.01,0.30351,0.86667,-0.06667,0.23333,3
803,12:28:30.49,1.32721,-2.363,0.45086,0.5,-0.43333,0.56667,3
804,12:28:30.55,0.597,-2.84464,0.64369,1.9,0.33333,0.83333,3
805,12:28:30.62,1.078,-3.78646,0.88922,3.13333,0.96667,1.03333,3
806,12:28:30.68,0.92164,-4.49139,1.36019,2.9,0.73333,1.3,3
807,12:28:30.74,1.527,-4.71283,0.98587,1.83333,0.03333,1.36667,3
808,12:28:30.81,1.36658,-5.42618,1.10067,2.36667,0.36667,1.63333,3
809,12:28:30.87,0.89638,-5.03311,0.68851,2.43333,0.63333,1.93333,3
810,12:28:30.93,1.85223,-4.29848,0.31722,2.16667,0.53333,2.3,3
811,12:28:31.00,2.355,-3.62648,0.2904,2.26667,0.56667,2.3,3
812,12:28:31.06,3.25041,-2.78709,0.22287,1.6,0.3,1.83333,3
813,12:28:31.12,3.63893,-1.88932,0.18394,1.66667,0.36667,1.6,3
814,12:28:31.18,2.55248,-1.50222,0.01799,1.3,0.76667,1.76667,3
815,12:28:31.24,1.02009,0.63717,-0.0,1.43333,0.76667,1.4,3
816,12:28:31.31,0.91083,1.17717,-0.47524,1.06667,0.23333,1.06667,3
817,12:28:31.37,0.43537,2.37317,-0.79313,0.46667,0.16667,0.36667,3
818,12:28:31.43,1.30325,1.76517,-0.7961,0.0,0.0,-0.06667,3
819,12:28:31.50,1.42125,1.73517,-0.72666,-0.26667,-0.03333,-0.33333,3
820,12:28:31.56,2.21937,0.65717,-0.84094,-0.53333,0.16667,-0.53333,3
821,12:28:31.62,2.03036,0.42117,-1.39756,-0.93333,-0.03333,-0.53333,3
822,12:28:31.68,2.21519,0.29178,-1.33694,-0.9,0.13333,-0.66667,3
823,12:28:31.74,2.27383,0.03678,-1.58484,-1.06667,-0.13333,-0.9,3
824,12:28:31.81,1.96222,-0.42732,-1.18444,-1.23333,-0.3,-1.06667,3
825,12:28:31.87,2.59909,-0.96732,-0.30553,-0.93333,0.03333,-1.03333,3
826,12:28:31.93,1.97748,-1.40409,-0.00254,-1.4,-0.56667,-1.23333,3
827,12:28:32.00,0.75748,-1.70549,-0.19684,-1.8,-0.76667,-1.43333,3
828,12:28:32.06,1.95191,-2.832,0.33984,-2.76667,-1.8,-1.73333,3
829,12:28:32.12,1.26718,-3.18535,0.38239,-2.1,-1.43333,-1.7,3
830,12:28:32.18,1.72475,-3.81591,1.01762,-2.56667,-1.53333,-2.1,3
831,12:28:32.24,-0.16684,-2.43511,0.901,-2.33333,-1.56667,-2.0,3
832,12:28:32.31,1.24858,-2.52854,1.02118,-4.06667,-2.4,-1.76667,3
833,12:28:32.37,-0.167,-1.43638,0.64551,-4.26667,-2.5,-1.2,3
834,12:28:32.43,-0.21664,-2.51269,-0.86452,-2.13333,0.16667,-1.36667,3
835,12:28:32.50,-0.01658,-0.255,-0.0153,-0.36667,1.06667,-0.93333,3
836,12:28:32.56,-0.06379,1.097,0.63175,0.36667,0.73333,-0.23333,3
837,12:28:32.62,-1.02,1.666,1.21078,0.23333,0.46667,-0.0,3
838,12:28:32.68,-0.843,1.568,0.67808,0.16667,0.33333,0.06667,3
839,12:28:32.74,-0.785,1.539,0.23119,0.0,-0.03333,0.2,3
840,12:28:32.81,-1.26021,1.07279,-0.04825,0.03333,-0.03333,0.1,3
841,12:28:32.87,-1.30921,0.92579,0.07422,0.2,0.0,-0.0,0
842,12:28:32.94,-1.24021,0.90679,-0.13639,0.06667,0.0,-0.03333,0
843,12:28:33.00,-1.12221,0.43579,-0.16169,0.03333,-0.16667,-0.06667,0
844,12:28:33.06,-1.049,0.42579,0.16703,0.2,0.0,-0.1,0
