,Timestamp,AccX,AccY,AccZ,GyroX,GyroY,GyroZ,seconds
0,12:54:42.530000,3.382,-2.03458,0.20468,0.03333,0.06667,-0.0,46482.53
1,12:54:42.560000,3.304,-1.99458,0.17857,0.0,0.0,-0.0,46482.56
2,12:54:42.600000,3.51,-2.06358,0.39041,0.03333,0.0,-0.0,46482.6
3,12:54:42.620000,3.26979,-2.03458,0.41052,0.03333,0.03333,-0.0,46482.62
4,12:54:42.660000,2.87364,-1.99458,0.1776,0.0,0.06667,-0.0,46482.66
5,12:54:42.680000,2.67258,-1.72646,0.10349,0.0,0.0,-0.03333,46482.68
6,12:54:42.710000,3.09458,-1.94246,0.39291,0.0,0.0,-0.0,46482.71
7,12:54:42.750000,2.547,-1.72371,0.29655,0.03333,0.03333,-0.0,46482.75
8,12:54:42.770000,2.16746,-1.53438,0.39879,-0.03333,0.0,-0.03333,46482.77
9,12:54:42.800000,2.23546,-1.63338,0.38015,0.0,0.03333,-0.0,46482.8
10,12:54:42.840000,1.91871,-1.52538,0.35001,0.0,0.06667,-0.0,46482.84
11,12:54:42.870000,1.00438,-1.37551,0.75443,-0.03333,0.06667,-0.0,46482.87
12,12:54:42.900000,1.19851,-2.01771,1.31147,-0.5,0.7,-0.2,46482.9
13,12:54:42.940000,1.21539,-2.34758,0.90704,-0.3,1.6,-0.16667,46482.94
14,12:54:43,0.57,-1.989,1.11168,-0.8,1.4,-0.13333,46483.0
15,12:54:43.030000,0.89641,-2.64864,0.21216,-0.53333,2.2,-0.26667,46483.03
16,12:54:43.070000,0.70593,-2.53579,0.25671,-0.4,2.06667,-0.3,46483.07
17,12:54:43.090000,1.60258,-2.35879,0.88688,-0.96667,1.73333,-0.23333,46483.09
18,12:54:43.140000,1.84302,-3.011,0.49286,-0.86667,2.06667,-0.13333,46483.14
19,12:54:43.180000,1.63448,-2.216,0.19223,-0.4,2.36667,-0.13333,46483.18
20,12:54:43.210000,1.85422,-2.099,0.38322,-0.96667,2.23333,-0.0,46483.21
21,12:54:43.230000,1.56819,-2.148,0.24248,-1.1,2.4,0.1,46483.23
22,12:54:43.260000,1.07383,-1.65221,-0.33167,-0.96667,2.43333,-0.0,46483.26
23,12:54:43.290000,0.96628,-1.52936,-0.27988,-0.9,2.4,-0.0,46483.29
24,12:54:43.320000,0.7153,-1.67042,-0.35255,-1.1,2.0,0.03333,46483.32
25,12:54:43.360000,1.0152,-1.74331,-0.19478,-1.06667,1.96667,0.03333,46483.36
26,12:54:43.390000,0.87264,-1.70242,-0.09977,-0.63333,1.4,-0.06667,46483.39
27,12:54:43.420000,0.87264,-1.70242,-0.09977,-0.63333,1.4,-0.06667,46483.42
28,12:54:43.450000,0.97098,-1.80042,-0.00054,-0.76667,1.26667,0.03333,46483.45
29,12:54:43.480000,0.58528,-1.66654,-0.06597,-0.73333,1.26667,-0.0,46483.48
30,12:54:43.510000,0.49783,-1.69554,-0.04966,-0.63333,1.2,-0.03333,46483.51
31,12:54:43.540000,0.44185,-1.73829,-0.02845,-0.56667,0.83333,-0.0,46483.54
32,12:54:43.570000,0.36258,-1.95662,-0.02264,-0.73333,0.76667,0.03333,46483.57
33,12:54:43.610000,0.03762,-1.85862,-0.02829,-0.6,0.83333,-0.0,46483.61
34,12:54:43.630000,-0.07386,-1.83862,-0.00119,-0.53333,0.46667,-0.1,46483.63
35,12:54:43.660000,0.72865,-2.26062,0.01393,-0.6,0.36667,-0.0,46483.66
36,12:54:43.690000,-0.44473,-1.76962,-0.18147,-0.26667,0.93333,-0.03333,46483.69
37,12:54:43.720000,-0.5566,-1.95849,-0.26385,-0.26667,0.66667,-0.13333,46483.72
38,12:54:43.750000,-0.5566,-1.95849,-0.26385,-0.26667,0.66667,-0.13333,46483.75
39,12:54:43.800000,-0.5566,-1.95849,-0.26385,-0.26667,0.66667,-0.13333,46483.8
40,12:54:43.830000,-0.02196,-1.78149,-1.69566,-0.33333,0.23333,-0.13333,46483.83
41,12:54:43.860000,0.71304,-2.00562,-2.37424,-0.3,0.03333,-0.1,46483.86
42,12:54:43.890000,0.71304,-2.00562,-2.37424,-0.3,0.03333,-0.1,46483.89
43,12:54:43.930000,0.42078,-1.76962,-3.18526,0.1,0.13333,-0.13333,46483.93
44,12:54:43.950000,0.28278,-1.70829,-2.74745,0.03333,-0.4,-0.1,46483.95
45,12:54:43.980000,0.28278,-1.70829,-2.74745,0.03333,-0.4,-0.1,46483.98
46,12:54:44.010000,0.81278,-1.75454,-2.45375,0.46667,-0.23333,-0.03333,46484.01
47,12:54:44.040000,-0.38276,-1.22454,-3.22821,0.46667,-1.06667,-0.03333,46484.04
48,12:54:44.080000,0.30837,-1.72554,-2.4275,0.23333,-1.73333,-0.03333,46484.08
49,12:54:44.100000,1.45402,-2.23454,0.04879,0.66667,-1.53333,0.06667,46484.1
50,12:54:44.130000,0.91714,-1.93054,0.02409,0.9,-1.2,0.1,46484.13
51,12:54:44.170000,0.64133,-2.11442,0.00302,0.76667,-1.8,0.16667,46484.17
52,12:54:44.210000,0.99112,-2.25142,0.03637,1.0,-1.6,0.26667,46484.21
53,12:54:44.250000,0.99112,-2.25142,0.03637,1.0,-1.6,0.26667,46484.25
54,12:54:44.270000,0.00529,-1.345,-0.21724,1.16667,-2.23333,0.2,46484.27
55,12:54:44.300000,1.47512,-2.29231,0.26441,1.06667,-1.83333,0.36667,46484.3
56,12:54:44.340000,0.84339,-2.24331,0.08018,1.43333,-1.43333,0.4,46484.34
57,12:54:44.360000,-0.0107,-1.47442,-0.42354,1.13333,-2.03333,0.3,46484.36
58,12:54:44.390000,1.67042,-2.09736,0.5516,0.76667,-2.23333,0.4,46484.39
59,12:54:44.430000,0.62283,-2.37236,-0.43747,1.36667,-1.1,0.56667,46484.43
60,12:54:44.470000,-0.37375,-1.78921,-0.75792,1.53333,-1.46667,0.5,46484.47
61,12:54:44.500000,1.22483,-1.079,0.4411,0.7,-2.33333,0.36667,46484.5
62,12:54:44.530000,1.24248,-2.03064,-0.18072,0.96667,-1.13333,0.56667,46484.53
63,12:54:44.580000,1.05011,-0.126,0.00292,0.66667,-2.03333,0.26667,46484.58
64,12:54:44.610000,2.09893,-0.86758,0.08299,0.4,-1.76667,0.33333,46484.61
65,12:54:44.640000,2.09893,-0.86758,0.08299,0.4,-1.76667,0.33333,46484.64
66,12:54:44.670000,1.57654,-0.09571,-0.39475,0.9,-1.0,0.26667,46484.67
67,12:54:44.700000,1.61,-1.41738,0.26068,0.6,-1.4,0.26667,46484.7
68,12:54:44.730000,2.02875,-1.06438,0.71572,0.9,-1.1,0.2,46484.73
69,12:54:44.760000,2.01939,-0.47351,0.02147,0.73333,-0.63333,0.16667,46484.76
70,12:54:44.790000,1.76439,-1.41451,0.00385,0.43333,-0.86667,0.1,46484.79
71,12:54:44.820000,2.81838,-1.38416,0.72296,0.63333,-1.06667,0.03333,46484.82
72,12:54:44.850000,2.76938,-0.96216,0.63266,0.73333,-0.66667,0.1,46484.85
73,12:54:44.880000,1.85071,-1.33516,0.33057,0.53333,-0.3,0.13333,46484.88
74,12:54:44.910000,1.85071,-1.33516,0.33057,0.53333,-0.3,0.13333,46484.91
75,12:54:44.940000,1.85071,-1.33516,0.33057,0.53333,-0.3,0.13333,46484.94
76,12:54:44.980000,1.85071,-1.33516,0.33057,0.53333,-0.3,0.13333,46484.98
77,12:54:45.010000,1.85071,-1.33516,0.33057,0.53333,-0.3,0.13333,46485.01
78,12:54:45.040000,1.85071,-1.33516,0.33057,0.53333,-0.3,0.13333,46485.04
79,12:54:45.070000,1.85071,-1.33516,0.33057,0.53333,-0.3,0.13333,46485.07
80,12:54:45.100000,1.85071,-1.33516,0.33057,0.53333,-0.3,0.13333,46485.1
81,12:54:45.130000,1.85071,-1.33516,0.33057,0.53333,-0.3,0.13333,46485.13
82,12:54:45.160000,2.71371,-1.59016,0.44439,0.06667,0.13333,-0.0,46485.16
83,12:54:45.190000,2.20371,-1.47351,0.23731,0.13333,0.3,-0.0,46485.19
84,12:54:45.230000,2.17138,-1.41451,0.03022,-0.1,-0.1,-0.03333,46485.23
85,12:54:45.250000,2.34551,-1.75038,0.2187,0.03333,0.03333,-0.0,46485.25
86,12:54:45.290000,2.05151,-1.46638,0.14273,0.1,0.16667,0.03333,46485.29
87,12:54:45.320000,1.66716,-1.73371,-0.00661,0.0,0.0,-0.06667,46485.32
88,12:54:45.360000,2.28516,-1.82171,0.3606,0.03333,-0.06667,-0.0,46485.36
89,12:54:45.390000,2.05839,-1.74371,0.46226,0.06667,0.06667,0.03333,46485.39
90,12:54:45.420000,1.28323,-1.68238,0.11769,-0.03333,0.0,-0.0,46485.42
91,12:54:45.450000,1.59723,-1.74371,0.20145,0.03333,-0.1,-0.06667,46485.45
92,12:54:45.480000,1.63675,-1.78271,0.4589,0.0,0.03333,-0.0,46485.48
93,12:54:45.510000,1.47975,-1.82171,0.46423,0.0,0.13333,0.03333,46485.51
94,12:54:45.540000,1.11799,-1.74371,0.10902,0.0,0.0,-0.0,46485.54
95,12:54:45.580000,1.25499,-1.77271,0.2289,0.0,-0.03333,-0.03333,46485.58
96,12:54:45.610000,1.296,-1.57438,0.39286,-0.03333,0.13333,0.03333,46485.61
97,12:54:45.640000,1.08,-1.59338,0.17784,-0.03333,0.16667,-0.0,46485.64
98,12:54:45.670000,1.02383,-1.48538,0.2446,0.03333,-0.03333,-0.03333,46485.67
99,12:54:45.700000,1.21983,-1.53438,0.49452,0.0,0.0,-0.0,46485.7
100,12:54:45.730000,0.75254,-1.49351,0.40738,0.0,0.03333,-0.06667,46485.73
101,12:54:45.760000,0.75254,-1.49351,0.40738,0.0,0.03333,-0.06667,46485.76
102,12:54:45.790000,0.64918,-1.38551,0.33743,-0.1,0.26667,-0.0,46485.79
103,12:54:45.820000,0.64918,-1.38551,0.33743,-0.1,0.26667,-0.0,46485.82
104,12:54:45.850000,0.34078,-1.27751,0.42669,-0.03333,0.26667,-0.13333,46485.85
105,12:54:45.880000,0.64478,-1.16816,0.48936,-0.1,0.2,-0.1,46485.88
106,12:54:45.910000,0.57241,-1.45451,0.79873,-0.1,0.76667,-0.03333,46485.91
107,12:54:45.940000,0.44311,-1.21851,0.62994,-0.06667,0.83333,-0.1,46485.94
108,12:54:45.970000,1.48091,-1.49871,0.98331,-0.46667,1.03333,-0.0,46485.97
109,12:54:46,1.48091,-1.49871,0.98331,-0.46667,1.03333,-0.0,46486.0
110,12:54:46.030000,0.33302,-1.42246,0.44721,-0.06667,2.03333,0.16667,46486.03
111,12:54:46.060000,0.47748,-1.25646,0.42252,-0.23333,1.86667,0.2,46486.06
112,12:54:46.090000,0.63809,-1.82858,0.65052,-0.4,1.9,0.1,46486.09
113,12:54:46.120000,0.60683,-1.55046,0.52079,-0.4,1.96667,0.03333,46486.12
114,12:54:46.160000,0.60683,-1.55046,0.52079,-0.4,1.96667,0.03333,46486.16
115,12:54:46.190000,0.60683,-1.55046,0.52079,-0.4,1.96667,0.03333,46486.19
116,12:54:46.230000,0.58428,-1.695,0.64899,-0.8,1.8,0.1,46486.23
117,12:54:46.260000,0.19075,-1.55169,-0.08486,-0.83333,1.93333,0.03333,46486.26
118,12:54:46.290000,0.2743,-1.66969,-0.06087,-0.86667,1.8,-0.0,46486.29
119,12:54:46.330000,0.54561,-1.56558,0.01566,-1.13333,1.66667,0.13333,46486.33
120,12:54:46.350000,0.30954,-1.79564,-0.12842,-1.06667,1.7,0.1,46486.35
121,12:54:46.390000,0.30954,-1.79564,-0.12842,-1.06667,1.7,0.1,46486.39
122,12:54:46.410000,0.19165,-1.481,-0.1899,-0.96667,1.4,0.1,46486.41
123,12:54:46.440000,0.06798,-1.069,-0.20353,-1.16667,1.2,0.06667,46486.44
124,12:54:46.470000,0.13428,-1.39721,-0.159,-1.06667,1.1,-0.0,46486.47
125,12:54:46.500000,0.13428,-1.39721,-0.159,-1.06667,1.1,-0.0,46486.5
126,12:54:46.540000,0.13428,-1.39721,-0.159,-1.06667,1.1,-0.0,46486.54
127,12:54:46.570000,-0.41767,-0.97831,-0.1297,-1.06667,0.5,-0.06667,46486.57
128,12:54:46.600000,0.62758,-1.36131,0.01783,-1.03333,0.36667,-0.1,46486.6
129,12:54:46.630000,0.62758,-1.36131,0.01783,-1.03333,0.36667,-0.1,46486.63
130,12:54:46.660000,0.10662,-1.316,-0.03652,-0.83333,0.93333,-0.0,46486.66
131,12:54:46.690000,-0.16186,-1.179,-0.03893,-0.86667,0.43333,-0.06667,46486.69
132,12:54:46.720000,-0.16186,-1.179,-0.03893,-0.86667,0.43333,-0.06667,46486.72
133,12:54:46.750000,-0.01373,-1.25142,-0.0353,-0.83333,0.26667,-0.13333,46486.75
134,12:54:46.780000,-0.01373,-1.25142,-0.0353,-0.83333,0.26667,-0.13333,46486.78
135,12:54:46.810000,-0.01373,-1.25142,-0.0353,-0.83333,0.26667,-0.13333,46486.81
136,12:54:46.840000,0.07237,-1.00054,-1.59479,-0.53333,0.36667,-0.2,46486.84
137,12:54:46.880000,0.07237,-1.00054,-1.59479,-0.53333,0.36667,-0.2,46486.88
138,12:54:46.910000,1.18624,-1.27042,-0.53952,-0.43333,0.03333,-0.1,46486.91
139,12:54:46.940000,1.18624,-1.27042,-0.53952,-0.43333,0.03333,-0.1,46486.94
140,12:54:46.960000,1.18624,-1.27042,-0.53952,-0.43333,0.03333,-0.1,46486.96
141,12:54:47,1.18624,-1.27042,-0.53952,-0.43333,0.03333,-0.1,46487.0
142,12:54:47.030000,0.39004,-0.78142,-0.19164,-0.1,0.0,-0.13333,46487.03
143,12:54:47.060000,0.01878,-0.992,-1.55358,0.13333,-0.1,-0.03333,46487.06
144,12:54:47.090000,0.01878,-0.992,-1.55358,0.13333,-0.1,-0.03333,46487.09
145,12:54:47.120000,0.43904,-1.041,-1.02235,0.56667,-0.26667,-0.0,46487.12
146,12:54:47.150000,0.43904,-1.041,-1.02235,0.56667,-0.26667,-0.0,46487.15
147,12:54:47.180000,0.06604,-0.748,-1.86562,0.56667,-0.16667,0.06667,46487.18
148,12:54:47.210000,-0.39496,-0.57731,-3.52031,0.5,-0.23333,0.03333,46487.21
149,12:54:47.240000,-0.15896,-1.20431,-1.82568,0.73333,-0.43333,-0.03333,46487.24
150,12:54:47.270000,0.34737,-1.31231,0.01212,0.8,-0.53333,0.16667,46487.27
151,12:54:47.310000,0.34737,-1.31231,0.01212,0.8,-0.53333,0.16667,46487.31
152,12:54:47.330000,0.67327,-1.28231,0.11002,0.86667,-1.23333,0.2,46487.33
153,12:54:47.360000,0.67327,-1.28231,0.11002,0.86667,-1.23333,0.2,46487.36
154,12:54:47.390000,0.14214,-1.76331,-0.0247,0.93333,-1.0,0.26667,46487.39
155,12:54:47.420000,1.21685,-2.13531,0.52243,1.06667,-1.93333,0.23333,46487.42
156,12:54:47.450000,1.21685,-2.13531,0.52243,1.06667,-1.93333,0.23333,46487.45
157,12:54:47.490000,-0.89572,-1.73942,-0.49819,1.06667,-1.7,0.2,46487.49
158,12:54:47.510000,0.54529,-2.02342,0.24782,1.06667,-2.3,0.16667,46487.51
159,12:54:47.550000,0.20112,-1.14636,-0.06736,1.06667,-1.0,0.4,46487.55
160,12:54:47.570000,0.20112,-1.14636,-0.06736,1.06667,-1.0,0.4,46487.57
161,12:54:47.610000,0.3772,-1.50521,-0.01109,1.03333,-1.5,0.3,46487.61
162,12:54:47.640000,0.5193,-1.30921,-0.02688,1.13333,-1.16667,0.3,46487.64
163,12:54:47.670000,0.44442,-1.442,0.01208,1.13333,-0.86667,0.36667,46487.67
164,12:54:47.700000,0.43683,-0.56558,-0.29379,0.93333,-1.1,0.23333,46487.7
165,12:54:47.740000,0.53825,-0.74769,-0.357,0.9,-0.93333,0.23333,46487.74
166,12:54:47.770000,0.57022,-0.35346,0.07312,0.83333,-1.2,0.03333,46487.77
167,12:54:47.810000,1.56009,-0.27271,0.38553,0.66667,-1.16667,0.06667,46487.81
168,12:54:47.840000,1.243,-0.23851,0.00017,0.63333,-0.76667,0.06667,46487.84
169,12:54:47.870000,1.26402,0.09684,0.08872,0.63333,-0.9,-0.0,46487.87
170,12:54:47.930000,1.71958,0.01961,0.07181,0.53333,-0.86667,-0.0,46487.93
171,12:54:47.970000,1.75711,-0.20523,0.44891,0.5,-0.83333,-0.0,46487.97
172,12:54:48.010000,2.43193,-0.04875,0.54238,0.5,-0.5,-0.03333,46488.01
173,12:54:48.040000,1.78611,0.21501,0.29123,0.46667,-0.3,-0.0,46488.04
174,12:54:48.060000,2.33511,-0.22599,0.62033,0.36667,-0.16667,-0.03333,46488.06
175,12:54:48.090000,2.54111,-0.091,0.67945,0.3,-0.13333,-0.0,46488.09
176,12:54:48.120000,1.99441,-0.11,0.14846,0.3,-0.3,-0.0,46488.12
177,12:54:48.160000,2.09241,0.252,0.41525,0.36667,-0.33333,-0.03333,46488.16
178,12:54:48.190000,2.09241,0.252,0.41525,0.36667,-0.33333,-0.03333,46488.19
179,12:54:48.220000,2.29841,-0.01483,0.49415,0.23333,0.06667,-0.03333,46488.22
180,12:54:48.250000,2.08341,0.22017,0.42916,0.06667,-0.2,-0.1,46488.25
181,12:54:48.280000,2.08341,0.22017,0.42916,0.06667,-0.2,-0.1,46488.28
182,12:54:48.310000,2.17141,-0.169,0.20622,0.16667,0.0,-0.03333,46488.31
183,12:54:48.340000,1.85741,0.086,0.06077,0.16667,0.0,-0.06667,46488.34
184,12:54:48.370000,1.81841,-0.13,0.22925,0.03333,-0.16667,-0.06667,46488.37
185,12:54:48.410000,2.02441,-0.316,0.40524,0.0,-0.26667,-0.03333,46488.41
186,12:54:48.450000,1.79841,0.066,0.22481,0.06667,0.0,-0.06667,46488.45
187,12:54:48.470000,1.71041,-0.29499,0.30253,0.0,-0.1,-0.06667,46488.47
188,12:54:48.510000,1.86741,-0.28499,0.1968,-0.03333,-0.13333,-0.03333,46488.51
189,12:54:48.550000,1.55111,-0.06999,-0.13516,0.03333,0.03333,-0.03333,46488.55
190,12:54:48.580000,1.44311,-0.22599,0.01612,0.0,-0.06667,-0.06667,46488.58
191,12:54:48.610000,1.90641,-0.36399,0.31228,0.0,-0.26667,-0.1,46488.61
192,12:54:48.640000,1.78841,-0.34399,0.29868,0.0,-0.2,-0.06667,46488.64
193,12:54:48.670000,1.60011,-0.40299,0.32659,0.0,-0.1,-0.03333,46488.67
194,12:54:48.700000,1.07893,-0.27499,0.31605,0.0,-0.13333,-0.06667,46488.7
195,12:54:48.740000,1.00993,-0.46199,0.52049,-0.1,0.0,-0.06667,46488.74
196,12:54:48.770000,0.72593,-0.54999,0.48849,-0.06667,-0.03333,-0.06667,46488.77
197,12:54:48.800000,0.61793,-0.58875,0.87669,-0.2,-0.06667,-0.16667,46488.8
198,12:54:48.830000,0.48211,-0.88275,0.9586,-0.33333,-0.03333,-0.2,46488.83
199,12:54:48.860000,1.07011,-0.90223,1.32237,-0.43333,0.33333,-0.2,46488.86
200,12:54:48.890000,1.07011,-0.90223,1.32237,-0.43333,0.33333,-0.2,46488.89
201,12:54:48.930000,0.57891,-0.80439,0.34182,-0.56667,0.46667,-0.33333,46488.93
202,12:54:48.960000,1.23591,-0.92316,0.66107,-0.6,0.46667,-0.3,46488.96
203,12:54:49,0.87658,-0.80651,0.34324,-0.6,0.83333,-0.23333,46489.0
204,12:54:49.020000,1.11535,-0.65051,0.19435,-0.7,0.63333,-0.33333,46489.02
205,12:54:49.060000,1.49835,-0.77938,0.34695,-0.66667,0.76667,-0.3,46489.06
206,12:54:49.090000,1.05802,-0.55438,0.23056,-0.53333,1.13333,-0.26667,46489.09
207,12:54:49.120000,0.703,-0.41738,0.00461,-0.56667,1.13333,-0.3,46489.12
208,12:54:49.150000,0.703,-0.41738,0.00461,-0.56667,1.13333,-0.3,46489.15
209,12:54:49.180000,0.97849,-0.28271,0.1632,-0.73333,1.0,-0.3,46489.18
210,12:54:49.210000,1.09909,-0.47871,0.20206,-0.7,1.16667,-0.33333,46489.21
211,12:54:49.240000,1.02819,-1.18058,0.41174,-0.66667,1.5,-0.26667,46489.24
212,12:54:49.280000,0.26106,-0.64158,0.14828,-0.5,1.9,-0.2,46489.28
213,12:54:49.300000,0.26106,-0.64158,0.14828,-0.5,1.9,-0.2,46489.3
214,12:54:49.330000,0.78028,-1.283,0.09294,-1.13333,1.5,-0.2,46489.33
215,12:54:49.360000,0.79728,-1.244,-0.00264,-1.1,1.43333,-0.26667,46489.36
216,12:54:49.390000,0.99342,-1.05169,-0.00805,-1.06667,1.3,-0.26667,46489.39
217,12:54:49.430000,1.3723,-1.26158,0.16623,-1.16667,1.26667,-0.23333,46489.43
218,12:54:49.460000,0.86861,-1.00164,-0.10821,-1.16667,1.63333,-0.1,46489.46
219,12:54:49.480000,0.15254,-0.94264,-0.32709,-1.13333,1.53333,-0.06667,46489.48
220,12:54:49.510000,0.27912,-0.64279,-0.29337,-1.2,1.0,-0.2,46489.51
221,12:54:49.540000,0.75065,-0.745,-0.05714,-1.36667,0.96667,-0.16667,46489.54
222,12:54:49.570000,0.47519,-0.745,-0.1328,-1.36667,1.0,-0.16667,46489.57
223,12:54:49.600000,0.28398,-0.85721,-0.15633,-1.2,0.8,-0.16667,46489.6
224,12:54:49.640000,0.80023,-1.02836,0.00464,-1.33333,0.53333,-0.26667,46489.64
225,12:54:49.660000,0.80023,-1.02836,0.00464,-1.33333,0.53333,-0.26667,46489.66
226,12:54:49.690000,0.80023,-1.02836,0.00464,-1.33333,0.53333,-0.26667,46489.69
227,12:54:49.730000,0.88312,-1.53731,0.01087,-1.0,1.03333,-0.1,46489.73
228,12:54:49.760000,0.52862,-1.394,-0.0,-1.03333,0.86667,-0.03333,46489.76
229,12:54:49.790000,0.52862,-1.394,-0.0,-1.03333,0.86667,-0.03333,46489.79
230,12:54:49.830000,0.02265,-0.63,-0.0,-0.76667,0.46667,-0.03333,46489.83
231,12:54:49.860000,0.20865,-1.00642,-0.0,-0.9,0.2,-0.06667,46489.86
232,12:54:49.890000,0.65002,-1.13342,-0.11444,-0.8,0.13333,-0.03333,46489.89
233,12:54:49.930000,0.65002,-1.13342,-0.11444,-0.8,0.13333,-0.03333,46489.93
234,12:54:49.960000,-0.1646,-0.40842,-0.1985,-0.43333,0.06667,-0.1,46489.96
235,12:54:49.990000,0.5324,-0.91842,-0.67559,-0.5,-0.1,-0.1,46489.99
236,12:54:50.020000,0.67843,-0.85942,-1.74151,0.23333,0.5,-0.1,46490.02
237,12:54:50.050000,0.67843,-0.85942,-1.74151,0.23333,0.5,-0.1,46490.05
238,12:54:50.080000,0.96537,-1.149,0.01052,0.1,-0.4,-0.13333,46490.08
239,12:54:50.110000,0.65843,-0.953,-2.04895,0.4,0.0,-0.03333,46490.11
240,12:54:50.140000,0.26643,-1.139,-1.19174,0.66667,-0.26667,-0.03333,46490.14
241,12:54:50.180000,0.11943,-0.92931,-2.47638,0.73333,-0.16667,0.03333,46490.18
242,12:54:50.200000,-0.3696,-1.42931,-3.27847,0.86667,-0.1,-0.0,46490.2
243,12:54:50.240000,0.0614,-1.16531,-0.5339,1.2,-0.8,-0.16667,46490.24
244,12:54:50.260000,0.0614,-1.16531,-0.5339,1.2,-0.8,-0.16667,46490.26
245,12:54:50.290000,0.55165,-1.89642,-0.11473,1.26667,-0.86667,0.03333,46490.29
246,12:54:50.320000,0.62314,-1.34236,0.03024,1.56667,-1.1,-0.0,46490.32
247,12:54:50.350000,0.13758,-0.65221,-0.0555,1.33333,-1.46667,0.13333,46490.35
248,12:54:50.390000,0.97112,-1.559,0.25974,1.43333,-1.7,0.2,46490.39
249,12:54:50.410000,0.97112,-1.559,0.25974,1.43333,-1.7,0.2,46490.41
250,12:54:50.450000,0.11329,-1.236,-0.1926,1.4,-1.4,0.36667,46490.45
251,12:54:50.480000,0.10414,-1.16279,0.10468,1.43333,-2.63333,0.33333,46490.48
252,12:54:50.510000,1.00654,-0.82879,0.53315,1.33333,-2.36667,0.46667,46490.51
253,12:54:50.540000,-0.5207,-1.58964,-0.55207,1.4,-1.36667,0.56667,46490.54
254,12:54:50.570000,-1.19358,-1.28564,-0.6495,1.46667,-1.83333,0.4,46490.57
255,12:54:50.610000,1.0656,-0.96758,0.45148,0.9,-2.1,0.46667,46490.61
256,12:54:50.650000,-0.08463,-1.469,-0.07942,1.36667,-1.03333,0.46667,46490.65
257,12:54:50.680000,-0.64881,-0.71058,-0.21576,1.46667,-1.26667,0.33333,46490.68
258,12:54:50.710000,1.25609,-0.91971,0.26209,0.43333,-2.1,0.36667,46490.71
259,12:54:50.740000,1.566,-1.35838,0.307,0.76667,-1.1,0.46667,46490.74
260,12:54:50.770000,-0.07552,0.23384,0.06406,1.3,-0.76667,0.3,46490.77
261,12:54:50.800000,-0.01265,0.62761,-0.02513,0.76667,-1.23333,0.2,46490.8
262,12:54:50.830000,0.91558,-0.05823,0.01217,0.3,-1.56667,0.23333,46490.83
263,12:54:50.860000,1.83393,-0.43199,0.65778,0.96667,-0.63333,0.2,46490.86
264,12:54:50.890000,1.22711,0.18501,0.10557,1.13333,-0.33333,0.16667,46490.89
265,12:54:50.920000,0.59011,0.05417,-0.32053,0.6,-0.8,0.23333,46490.92
266,12:54:50.950000,1.62018,0.03046,1.16206,0.83333,-0.66667,0.2,46490.95
267,12:54:50.980000,1.26254,0.10946,1.40055,0.63333,-0.33333,0.23333,46490.98
268,12:54:51.010000,0.76254,0.16382,1.0155,0.43333,-0.36667,0.1,46491.01
269,12:54:51.040000,1.13554,-0.06218,1.2907,0.4,-0.36667,0.03333,46491.04
270,12:54:51.070000,1.36054,0.08482,1.62638,0.33333,0.0,0.1,46491.07
271,12:54:51.110000,1.03754,0.12482,1.21387,0.13333,0.1,0.06667,46491.11
272,12:54:51.140000,1.08118,0.20282,0.5673,0.0,-0.13333,-0.0,46491.14
273,12:54:51.170000,1.08118,0.20282,0.5673,0.0,-0.13333,-0.0,46491.17
274,12:54:51.190000,1.05118,0.04046,0.4079,0.0,0.06667,0.03333,46491.19
275,12:54:51.230000,0.84518,0.06046,0.1327,-0.1,-0.1,-0.0,46491.23
276,12:54:51.260000,1.57118,-0.23083,0.41603,-0.06667,-0.26667,-0.03333,46491.26
277,12:54:51.290000,1.75718,-0.04483,0.40785,-0.03333,0.0,-0.0,46491.29
278,12:54:51.320000,0.74278,-0.199,-0.24466,0.0,0.13333,-0.0,46491.32
279,12:54:51.350000,0.70378,-0.12,-0.19499,-0.03333,-0.16667,-0.06667,46491.35
280,12:54:51.380000,1.54678,-0.52999,0.43913,-0.06667,-0.3,-0.0,46491.38
281,12:54:51.410000,1.60578,-0.67675,0.58125,-0.03333,0.0,0.03333,46491.41
282,12:54:51.440000,0.47441,-0.28475,-0.0944,0.06667,0.13333,-0.03333,46491.44
283,12:54:51.470000,0.62911,-0.36275,0.08948,0.0,-0.13333,-0.06667,46491.47
284,12:54:51.500000,1.15911,-0.65723,0.51493,-0.03333,0.0,0.06667,46491.5
285,12:54:51.540000,0.68811,-0.50023,0.32457,0.03333,0.16667,0.03333,46491.54
286,12:54:51.570000,0.39293,-0.31323,0.09267,0.0,0.0,-0.06667,46491.57
287,12:54:51.610000,0.62793,-0.68639,0.21736,-0.03333,-0.03333,-0.03333,46491.61
288,12:54:51.640000,0.38291,-0.71639,0.03424,0.03333,0.1,-0.0,46491.64
289,12:54:51.670000,0.38291,-0.71639,0.03424,0.03333,0.1,-0.0,46491.67
290,12:54:51.700000,0.45091,-0.69639,0.24848,0.03333,-0.03333,-0.0,46491.7
291,12:54:51.730000,0.36291,-0.61839,0.22132,0.0,0.06667,0.03333,46491.73
292,12:54:51.760000,0.29391,-0.78439,0.18294,0.03333,0.06667,-0.03333,46491.76
293,12:54:51.790000,0.29391,-0.78439,0.18294,0.03333,0.06667,-0.03333,46491.79
294,12:54:51.820000,0.31511,-0.79439,0.60239,-0.1,0.2,0.06667,46491.82
295,12:54:51.850000,0.31511,-0.79439,0.60239,-0.1,0.2,0.06667,46491.85
296,12:54:51.890000,-0.16342,-0.62739,0.22064,0.0,0.3,-0.03333,46491.89
297,12:54:51.920000,0.48835,-1.19716,1.09906,-0.23333,0.43333,-0.0,46491.92
298,12:54:51.960000,-0.07552,-1.09016,1.35894,-0.1,0.76667,-0.1,46491.96
299,12:54:51.990000,0.03248,-0.83516,1.39129,-0.26667,0.83333,-0.06667,46491.99
300,12:54:52.020000,0.03248,-0.83516,1.39129,-0.26667,0.83333,-0.06667,46492.02
301,12:54:52.060000,0.22248,-1.58151,1.55013,-0.63333,1.33333,-0.1,46492.06
302,12:54:52.080000,0.07649,-1.41738,0.99333,-0.53333,1.66667,-0.13333,46492.08
303,12:54:52.110000,0.07649,-1.41738,0.99333,-0.53333,1.66667,-0.13333,46492.11
304,12:54:52.140000,0.07649,-1.41738,0.99333,-0.53333,1.66667,-0.13333,46492.14
305,12:54:52.170000,-0.24491,-1.14238,0.82498,-0.56667,1.73333,-0.06667,46492.17
306,12:54:52.210000,0.18636,-1.03046,-0.02658,-0.83333,2.16667,-0.1,46492.21
307,12:54:52.240000,0.56383,-1.00458,0.03688,-1.16667,1.6,-0.03333,46492.24
308,12:54:52.260000,0.7326,-1.077,0.12101,-1.26667,1.56667,-0.0,46492.26
309,12:54:52.290000,0.73828,-1.20258,-0.15303,-1.13333,1.76667,-0.03333,46492.29
310,12:54:52.330000,0.73828,-1.20258,-0.15303,-1.13333,1.76667,-0.03333,46492.33
311,12:54:52.350000,0.30061,-0.97579,-0.23898,-1.1,1.76667,0.06667,46492.35
312,12:54:52.380000,0.33914,-0.951,-0.18577,-1.23333,1.73333,0.06667,46492.38
313,12:54:52.420000,-0.07335,-0.89721,-0.32376,-1.06667,1.76667,0.03333,46492.42
314,12:54:52.450000,0.23129,-0.67121,-0.18629,-1.06667,1.5,0.03333,46492.45
315,12:54:52.480000,-0.12072,-0.55836,-0.24777,-1.13333,1.6,0.06667,46492.48
316,12:54:52.520000,-0.03942,-1.139,-0.08098,-1.0,1.46667,0.06667,46492.52
317,12:54:52.560000,-0.03942,-1.139,-0.08098,-1.0,1.46667,0.06667,46492.56
318,12:54:52.580000,-0.03942,-1.139,-0.08098,-1.0,1.46667,0.06667,46492.58
319,12:54:52.610000,-0.03942,-1.139,-0.08098,-1.0,1.46667,0.06667,46492.61
320,12:54:52.640000,-0.03942,-1.139,-0.08098,-1.0,1.46667,0.06667,46492.64
321,12:54:52.680000,-0.51698,-1.02954,-0.07892,-1.26667,0.76667,0.03333,46492.68
322,12:54:52.710000,-0.49076,-1.23162,-1.1762,-1.33333,0.6,-0.1,46492.71
323,12:54:52.740000,-0.49122,-1.21162,-1.75626,-0.8,0.86667,-0.2,46492.74
324,12:54:52.770000,-0.49122,-1.21162,-1.75626,-0.8,0.86667,-0.2,46492.77
325,12:54:52.800000,-0.71353,-0.91762,-2.05796,-0.7,0.76667,-0.2,46492.8
326,12:54:52.830000,0.51333,-1.17029,-3.25336,-0.66667,0.26667,-0.16667,46492.83
327,12:54:52.860000,0.55233,-1.05229,-3.48978,-0.4,0.5,-0.26667,46492.86
328,12:54:52.890000,0.38144,-1.08854,-4.41293,-0.3,-0.03333,-0.16667,46492.89
329,12:54:52.980000,0.38144,-1.08854,-4.41293,-0.3,-0.03333,-0.16667,46492.98
330,12:54:53.020000,0.90144,-0.79142,-1.14346,0.23333,0.03333,-0.06667,46493.02
331,12:54:53.060000,0.14898,-0.35942,-1.22262,0.16667,0.16667,-0.06667,46493.06
332,12:54:53.090000,0.14898,-0.35942,-1.22262,0.16667,0.16667,-0.06667,46493.09
333,12:54:53.120000,0.14898,-0.35942,-1.22262,0.16667,0.16667,-0.06667,46493.12
334,12:54:53.150000,0.32244,-0.80042,-1.1373,0.53333,0.13333,0.03333,46493.15
335,12:54:53.180000,0.07998,-1.06442,-1.79155,0.3,-0.13333,-0.0,46493.18
336,12:54:53.210000,0.07998,-1.06442,-1.79155,0.3,-0.13333,-0.0,46493.21
337,12:54:53.240000,0.07998,-1.06442,-1.79155,0.3,-0.13333,-0.0,46493.24
338,12:54:53.270000,-0.02056,-0.356,-0.39039,0.46667,-0.3,0.06667,46493.27
339,12:54:53.310000,0.1959,-1.00642,-0.15267,0.36667,-0.46667,0.1,46493.31
340,12:54:53.350000,-0.31967,-0.64442,-0.00614,0.66667,-0.03333,0.03333,46493.35
341,12:54:53.390000,-0.37867,-0.86942,-0.00044,0.4,-0.43333,-0.0,46493.39
342,12:54:53.410000,0.12774,-1.02542,-0.29089,0.4,-0.66667,-0.0,46493.41
343,12:54:53.450000,0.59874,-1.28042,0.00413,0.56667,-0.5,0.03333,46493.45
344,12:54:53.470000,0.59874,-1.28042,0.00413,0.56667,-0.5,0.03333,46493.47
345,12:54:53.510000,-0.57888,-0.69342,-1.43686,0.66667,-0.36667,-0.0,46493.51
346,12:54:53.540000,0.33178,-1.09442,-1.54914,0.63333,-1.2,0.03333,46493.54
347,12:54:53.570000,0.33178,-1.09442,-1.54914,0.63333,-1.2,0.03333,46493.57
348,12:54:53.600000,0.57604,-1.34942,-1.55028,0.86667,-0.83333,0.1,46493.6
349,12:54:53.630000,-0.2816,-0.963,-0.00668,0.76667,-1.6,0.1,46493.63
350,12:54:53.670000,0.09314,-1.404,-0.00392,1.76667,-1.26667,0.06667,46493.67
351,12:54:53.710000,-0.84342,-1.02731,-0.30888,1.0,-1.73333,0.13333,46493.71
352,12:54:53.740000,0.01085,-1.82742,-0.08479,1.03333,-2.1,0.16667,46493.74
353,12:54:53.770000,0.33028,-1.16042,0.26131,1.7,-1.76667,0.23333,46493.77
354,12:54:53.800000,0.33028,-1.16042,0.26131,1.7,-1.76667,0.23333,46493.8
355,12:54:53.830000,-0.92586,-1.97521,-0.56064,1.0,-2.4,0.26667,46493.83
356,12:54:53.860000,-0.14761,-1.77921,0.12806,1.33333,-2.7,0.23333,46493.86
357,12:54:53.890000,-0.36958,-0.981,-0.45334,1.06667,-1.4,0.3,46493.89
358,12:54:53.920000,-1.55572,-1.736,-1.03221,1.1,-1.46667,0.26667,46493.92
359,12:54:53.950000,-0.24894,-0.90264,0.45054,1.06667,-2.56667,0.13333,46493.95
360,12:54:53.980000,0.67519,-0.69258,0.69033,0.9,-2.03333,0.16667,46493.98
361,12:54:54.020000,-0.67,-0.63846,-0.044,1.16667,-1.53333,0.03333,46494.02
362,12:54:54.050000,-0.67,-0.63846,-0.044,1.16667,-1.53333,0.03333,46494.05
363,12:54:54.080000,-0.67,-0.63846,-0.044,1.16667,-1.53333,0.03333,46494.08
364,12:54:54.100000,2.19691,-1.10916,0.91543,0.56667,-0.9,0.06667,46494.1
365,12:54:54.140000,0.76493,-0.01923,0.1294,1.1,-0.53333,-0.0,46494.14
366,12:54:54.160000,1.23711,-0.37399,1.56929,0.36667,-1.36667,0.06667,46494.16
367,12:54:54.190000,1.52778,0.10701,1.52432,0.6,-0.3,0.03333,46494.19
368,12:54:54.230000,1.52778,0.10701,1.52432,0.6,-0.3,0.03333,46494.23
369,12:54:54.260000,0.97318,0.046,1.08686,0.16667,-0.6,-0.0,46494.26
370,12:54:54.290000,1.77718,0.017,1.52366,0.0,-0.76667,-0.0,46494.29
371,12:54:54.320000,1.62018,-0.052,0.90235,0.2,0.16667,-0.03333,46494.32
372,12:54:54.350000,1.62018,-0.052,0.90235,0.2,0.16667,-0.03333,46494.35
373,12:54:54.380000,1.33618,-0.19699,0.49367,0.03333,-0.1,-0.0,46494.38
374,12:54:54.410000,1.66478,-0.20699,0.63007,0.0,-0.2,-0.0,46494.41
375,12:54:54.440000,1.66478,-0.20699,0.63007,0.0,-0.2,-0.0,46494.44
376,12:54:54.470000,1.05678,-0.13675,0.23278,0.06667,0.23333,0.1,46494.47
377,12:54:54.510000,0.96541,-0.15675,0.05968,0.0,-0.06667,-0.0,46494.51
378,12:54:54.530000,0.96541,-0.15675,0.05968,0.0,-0.06667,-0.0,46494.53
379,12:54:54.560000,0.97211,-0.40223,0.42072,0.0,0.06667,0.03333,46494.56
380,12:54:54.590000,0.97211,-0.40223,0.42072,0.0,0.06667,0.03333,46494.59
381,12:54:54.620000,0.74711,-0.38223,0.10002,0.0,0.13333,-0.0,46494.62
382,12:54:54.660000,0.87293,-0.39223,0.0705,0.03333,0.03333,-0.0,46494.66
383,12:54:54.690000,0.70593,-0.30323,0.14943,0.03333,0.13333,0.03333,46494.69
384,12:54:54.720000,0.64793,-0.44123,0.05674,-0.03333,0.0,-0.0,46494.72
385,12:54:54.750000,0.64793,-0.44123,0.05674,-0.03333,0.0,-0.0,46494.75
386,12:54:54.790000,0.53991,-0.33323,0.2685,0.06667,0.06667,-0.03333,46494.79
387,12:54:54.830000,0.55891,-0.23523,0.26222,0.0,0.03333,-0.03333,46494.83
388,12:54:54.860000,0.69711,-0.35323,0.40438,0.03333,0.06667,-0.0,46494.86
389,12:54:54.890000,0.66811,-0.23523,0.37003,0.03333,0.06667,-0.03333,46494.89
390,12:54:54.920000,0.65811,-0.27423,0.2667,-0.03333,0.06667,-0.03333,46494.92
391,12:54:54.960000,0.59158,-0.26423,0.29902,0.0,0.1,-0.0,46494.96
392,12:54:54.990000,0.56258,-0.20523,0.26888,0.0,0.13333,-0.0,46494.99
393,12:54:55.030000,0.26235,-0.20523,0.21145,-0.03333,0.03333,-0.06667,46495.03
394,12:54:55.050000,0.41935,-0.33323,0.3907,-0.06667,0.03333,-0.03333,46495.05
395,12:54:55.090000,0.48835,-0.45139,0.21801,0.0,0.16667,-0.0,46495.09
396,12:54:55.110000,0.26748,-0.14723,0.21984,0.03333,0.2,-0.03333,46495.11
397,12:54:55.140000,0.28648,-0.49039,0.32517,-0.16667,0.0,-0.03333,46495.14
398,12:54:55.170000,0.52248,-0.61839,0.38744,-0.13333,0.06667,-0.03333,46495.17
399,12:54:55.210000,0.29648,-0.23539,0.07621,0.03333,0.4,-0.06667,46495.21
400,12:54:55.240000,0.05802,-0.26539,0.08078,0.0,0.43333,-0.1,46495.24
401,12:54:55.270000,0.00902,-0.45139,0.15485,-0.06667,0.23333,-0.06667,46495.27
402,12:54:55.300000,0.67602,-0.45139,0.53774,0.0,0.36667,-0.06667,46495.3
403,12:54:55.330000,0.43102,-0.21639,0.39748,0.0,0.56667,-0.06667,46495.33
404,12:54:55.360000,0.233,-0.40239,0.41808,-0.13333,0.43333,-0.06667,46495.36
405,12:54:55.390000,0.733,-0.29439,0.5125,-0.13333,0.6,-0.03333,46495.39
406,12:54:55.420000,0.733,-0.29439,0.5125,-0.13333,0.6,-0.03333,46495.42
407,12:54:55.460000,0.46849,-0.43316,0.81222,-0.3,1.13333,-0.03333,46495.46
408,12:54:55.490000,0.59649,-0.47216,0.61865,-0.4,1.06667,-0.03333,46495.49
409,12:54:55.520000,0.79932,-0.52116,0.60786,-0.36667,0.83333,-0.1,46495.52
410,12:54:55.540000,0.79932,-0.52116,0.60786,-0.36667,0.83333,-0.1,46495.54
411,12:54:55.570000,0.79383,-0.23616,0.7007,-0.4,2.0,-0.0,46495.57
412,12:54:55.600000,0.79383,-0.23616,0.7007,-0.4,2.0,-0.0,46495.6
413,12:54:55.630000,0.79383,-0.23616,0.7007,-0.4,2.0,-0.0,46495.63
414,12:54:55.670000,0.79383,-0.23616,0.7007,-0.4,2.0,-0.0,46495.67
415,12:54:55.700000,0.6146,-0.39738,0.23588,-0.93333,1.56667,0.06667,46495.7
416,12:54:55.730000,0.7154,-0.65471,0.26152,-0.9,1.6,-0.0,46495.73
417,12:54:55.760000,0.7021,-0.72058,0.25956,-0.86667,2.13333,0.13333,46495.76
418,12:54:55.790000,0.41761,-0.65158,0.14426,-1.1,2.2,0.26667,46495.79
419,12:54:55.820000,0.41761,-0.65158,0.14426,-1.1,2.2,0.26667,46495.82
420,12:54:55.850000,0.13664,-0.81058,-0.25033,-1.06667,1.73333,0.06667,46495.85
421,12:54:55.880000,-0.13281,-0.63864,-0.3021,-1.03333,1.66667,0.1,46495.88
422,12:54:55.910000,-0.13281,-0.63864,-0.3021,-1.03333,1.66667,0.1,46495.91
423,12:54:55.940000,-0.09488,-0.412,-0.14736,-1.23333,1.13333,-0.06667,46495.94
424,12:54:55.970000,0.35385,-0.539,-0.04579,-1.23333,1.16667,-0.06667,46495.97
425,12:54:56.010000,0.35385,-0.539,-0.04579,-1.23333,1.16667,-0.06667,46496.01
426,12:54:56.040000,-0.02854,-0.86236,-0.3418,-1.13333,1.0,-0.03333,46496.04
427,12:54:56.070000,0.31665,-0.65042,-0.45251,-1.0,0.5,-0.0,46496.07
428,12:54:56.100000,0.31665,-0.65042,-0.45251,-1.0,0.5,-0.0,46496.1
429,12:54:56.130000,0.31665,-0.65042,-0.45251,-1.0,0.5,-0.0,46496.13
430,12:54:56.160000,-0.15457,-0.21431,-1.41714,-0.7,0.0,-0.06667,46496.16
431,12:54:56.190000,-0.15457,-0.21431,-1.41714,-0.7,0.0,-0.06667,46496.19
432,12:54:56.230000,0.28643,-0.719,-1.01547,-0.76667,0.26667,-0.06667,46496.23
433,12:54:56.270000,-0.21676,-0.523,-1.99522,-0.36667,0.16667,-0.2,46496.27
434,12:54:56.300000,0.85224,-1.08631,-1.57105,-0.43333,-0.16667,-0.1,46496.3
435,12:54:56.330000,0.60724,-1.02731,-1.41764,-0.1,0.16667,-0.13333,46496.33
436,12:54:56.360000,0.18524,-0.80231,-1.23243,0.03333,0.3,-0.2,46496.36
437,12:54:56.390000,0.25424,-0.76231,0.00269,-0.26667,-0.26667,-0.1,46496.39
438,12:54:56.420000,0.99924,-1.22331,0.00689,-0.1,0.06667,-0.1,46496.42
439,12:54:56.450000,0.99924,-1.22331,0.00689,-0.1,0.06667,-0.1,46496.45
440,12:54:56.480000,-0.01196,-0.51342,-0.17545,0.0,-0.03333,-0.16667,46496.48
441,12:54:56.510000,-0.01196,-0.51342,-0.17545,0.0,-0.03333,-0.16667,46496.51
442,12:54:56.540000,0.56604,-0.89542,-0.07442,0.06667,0.06667,-0.0,46496.54
443,12:54:56.570000,0.56604,-0.89542,-0.07442,0.06667,0.06667,-0.0,46496.57
444,12:54:56.600000,0.18404,-0.61736,-0.0,-0.1,-0.16667,-0.03333,46496.6
445,12:54:56.630000,0.18404,-0.61736,-0.0,-0.1,-0.16667,-0.03333,46496.63
446,12:54:56.660000,0.18404,-0.61736,-0.0,-0.1,-0.16667,-0.03333,46496.66
447,12:54:56.690000,0.18404,-0.61736,-0.0,-0.1,-0.16667,-0.03333,46496.69
448,12:54:56.730000,0.40004,-0.70536,0.00687,0.0,-0.23333,-0.0,46496.73
449,12:54:56.750000,0.40004,-0.70536,0.00687,0.0,-0.23333,-0.0,46496.75
450,12:54:56.790000,0.33104,-0.67536,0.0043,0.26667,0.13333,-0.06667,46496.79
451,12:54:56.820000,0.13504,-0.49521,-0.00012,0.16667,-0.06667,-0.0,46496.82
452,12:54:56.850000,0.25204,-0.55321,0.00132,0.13333,-0.16667,-0.0,46496.85
453,12:54:56.870000,0.48804,-0.61221,-0.28698,0.23333,0.0,-0.03333,46496.87
454,12:54:56.910000,0.10678,-0.62221,-0.45002,0.33333,-0.1,-0.0,46496.91
455,12:54:56.940000,0.10678,-0.62221,-0.45002,0.33333,-0.1,-0.0,46496.94
456,12:54:56.970000,0.52704,-0.63221,-0.22954,0.33333,-0.4,-0.03333,46496.97
457,12:54:57,0.31104,-0.422,-0.52339,0.56667,-0.06667,-0.03333,46497.0
458,12:54:57.030000,0.04824,-0.265,-0.00647,0.5,-0.66667,-0.03333,46497.03
459,12:54:57.060000,0.37637,-0.539,0.00924,0.5,-0.66667,-0.06667,46497.06
460,12:54:57.090000,0.05043,-0.814,-0.0077,0.73333,-0.36667,-0.0,46497.09
461,12:54:57.120000,0.05043,-0.814,-0.0077,0.73333,-0.36667,-0.0,46497.12
462,12:54:57.150000,0.33027,-0.431,0.01371,0.43333,-0.93333,0.03333,46497.15
463,12:54:57.180000,0.33027,-0.431,0.01371,0.43333,-0.93333,0.03333,46497.18
464,12:54:57.260000,0.13758,-0.86779,-0.04944,0.73333,-1.16667,-0.0,46497.26
465,12:54:57.290000,0.13758,-0.86779,-0.04944,0.73333,-1.16667,-0.0,46497.29
466,12:54:57.320000,0.13758,-0.86779,-0.04944,0.73333,-1.16667,-0.0,46497.32
467,12:54:57.350000,0.24812,-0.15764,0.00639,0.76667,-1.1,0.13333,46497.35
468,12:54:57.380000,0.01783,-0.33464,-0.13889,0.53333,-1.16667,0.1,46497.38
469,12:54:57.410000,0.66698,-0.95164,0.11282,0.83333,-1.46667,0.03333,46497.41
470,12:54:57.440000,0.61219,-0.43758,0.07024,0.93333,-1.33333,0.13333,46497.44
471,12:54:57.470000,0.61219,-0.43758,0.07024,0.93333,-1.33333,0.13333,46497.47
472,12:54:57.500000,0.45654,-0.59069,0.05606,0.86667,-1.73333,-0.0,46497.5
473,12:54:57.530000,0.83961,-0.65969,0.19591,0.8,-1.5,0.16667,46497.53
474,12:54:57.570000,0.83961,-0.65969,0.19591,0.8,-1.5,0.16667,46497.57
475,12:54:57.590000,0.7454,-0.13846,0.63499,0.76667,-1.96667,0.03333,46497.59
476,12:54:57.620000,1.34906,0.08362,0.80733,0.6,-1.63333,0.2,46497.62
477,12:54:57.650000,1.34906,0.08362,0.80733,0.6,-1.63333,0.2,46497.65
478,12:54:57.690000,0.73483,0.05784,-0.15472,0.7,-1.03333,0.1,46497.69
479,12:54:57.720000,2.05648,0.21577,0.67866,0.43333,-1.26667,0.2,46497.72
480,12:54:57.750000,1.92102,0.12725,0.5806,0.6,-0.73333,0.16667,46497.75
481,12:54:57.780000,1.06148,0.45001,0.10286,0.8,-0.6,-0.0,46497.78
482,12:54:57.810000,1.55111,0.57317,-0.12346,0.1,-1.76667,0.06667,46497.81
483,12:54:57.840000,1.55111,0.57317,-0.12346,0.1,-1.76667,0.06667,46497.84
484,12:54:57.870000,1.27278,1.06582,0.24032,0.86667,-0.93333,-0.06667,46497.87
485,12:54:57.900000,0.92418,1.40882,-0.23383,0.36667,-1.3,-0.06667,46497.9
486,12:54:57.930000,1.58654,0.65382,0.04427,0.0,-1.73333,-0.03333,46497.93
487,12:54:57.970000,2.394,-0.18918,0.72935,0.2,-1.63333,-0.1,46497.97
488,12:54:57.990000,2.28375,0.75622,1.03234,0.8,-0.5,0.03333,46497.99
489,12:54:58.020000,1.40175,0.82522,0.68515,0.46667,-0.13333,0.13333,46498.02
490,12:54:58.060000,1.77375,0.25622,1.14693,0.3,-0.5,-0.06667,46498.06
491,12:54:58.090000,1.77375,0.25622,1.14693,0.3,-0.5,-0.06667,46498.09
492,12:54:58.120000,0.94975,0.34422,0.75361,0.1,0.2,0.1,46498.12
493,12:54:58.150000,1.06775,0.59022,0.25816,0.06667,-0.23333,-0.13333,46498.15
494,12:54:58.180000,1.89175,0.10482,0.8525,0.03333,-0.13333,-0.0,46498.18
495,12:54:58.210000,1.89175,0.10482,0.8525,0.03333,-0.13333,-0.0,46498.21
496,12:54:58.240000,1.17699,0.14382,0.38726,0.0,0.03333,-0.0,46498.24
497,12:54:58.270000,1.237,0.14846,0.18131,0.06667,0.13333,0.03333,46498.27
498,12:54:58.300000,0.953,0.18746,0.00917,0.03333,0.0,-0.0,46498.3
499,12:54:58.330000,1.237,0.26646,0.24418,0.0,-0.1,-0.06667,46498.33
500,12:54:58.360000,1.375,0.10946,0.35758,0.0,0.0,-0.0,46498.36
501,12:54:58.390000,1.24983,-0.13283,0.3302,0.03333,0.06667,-0.0,46498.39
502,12:54:58.430000,0.70354,0.13217,0.13873,0.03333,0.0,-0.03333,46498.43
503,12:54:58.450000,1.02754,-0.12283,0.54247,-0.06667,-0.03333,-0.0,46498.45
504,12:54:58.490000,0.79254,-0.03483,0.26223,0.0,0.13333,-0.0,46498.49
505,12:54:58.520000,0.53218,-0.179,0.24081,-0.03333,-0.06667,-0.03333,46498.52
506,12:54:58.550000,0.97318,-0.346,0.62915,-0.16667,-0.13333,-0.0,46498.55
507,12:54:58.580000,1.07118,-0.434,0.5539,-0.13333,0.0,-0.0,46498.58
508,12:54:58.610000,0.25278,-0.17699,-0.23738,0.13333,0.3,-0.0,46498.61
509,12:54:58.640000,-0.02559,-0.05999,-0.11439,0.1,0.06667,-0.03333,46498.64
510,12:54:58.670000,0.53111,-0.52975,0.57759,-0.06667,0.0,-0.0,46498.67
511,12:54:58.700000,0.10793,-0.69623,0.20158,0.06667,0.23333,-0.0,46498.7
512,12:54:58.740000,-0.02907,-0.50023,0.32543,0.06667,0.16667,-0.03333,46498.74
513,12:54:58.770000,-0.04909,-0.76423,0.52301,-0.13333,0.13333,-0.03333,46498.77
514,12:54:58.800000,-0.09809,-0.91239,0.57373,0.0,0.33333,-0.06667,46498.8
515,12:54:58.830000,-0.16589,-1.01039,0.88937,0.0,0.66667,-0.06667,46498.83
516,12:54:58.860000,-0.16589,-1.01039,0.88937,0.0,0.66667,-0.06667,46498.86
517,12:54:58.890000,-0.23598,-1.43316,1.86191,-0.3,1.73333,-0.0,46498.89
518,12:54:58.920000,-0.23598,-1.43316,1.86191,-0.3,1.73333,-0.0,46498.92
519,12:54:58.950000,-0.48352,-1.44316,1.82204,-0.03333,2.43333,-0.03333,46498.95
520,12:54:58.980000,-0.29364,-1.39416,1.19063,-0.9,2.23333,-0.03333,46498.98
521,12:54:59.010000,-0.02563,-1.49216,1.0401,-0.93333,2.4,-0.0,46499.01
522,12:54:59.040000,-0.09194,-1.49351,0.77878,-0.8,2.56667,-0.0,46499.04
523,12:54:59.070000,-0.09194,-1.49351,0.77878,-0.8,2.56667,-0.0,46499.07
524,12:54:59.100000,-0.09272,-1.07438,0.52592,-0.93333,2.46667,-0.03333,46499.1
525,12:54:59.130000,-0.09272,-1.07438,0.52592,-0.93333,2.46667,-0.03333,46499.13
526,12:54:59.160000,-0.56286,-0.50458,-0.4386,-1.03333,2.03333,0.1,46499.16
527,12:54:59.190000,0.09365,-0.636,-0.0547,-1.23333,1.73333,0.1,46499.19
528,12:54:59.230000,0.09219,-0.82569,-0.10984,-1.33333,1.83333,0.13333,46499.23
529,12:54:59.260000,-0.50988,-0.23664,-0.27397,-0.9,1.56667,0.1,46499.26
530,12:54:59.290000,-0.50988,-0.23664,-0.27397,-0.9,1.56667,0.1,46499.29
531,12:54:59.330000,-0.38215,-0.66279,-0.21221,-1.2,1.3,0.13333,46499.33
532,12:54:59.350000,-0.38215,-0.66279,-0.21221,-1.2,1.3,0.13333,46499.35
533,12:54:59.380000,-0.37338,-1.157,-0.1289,-1.23333,1.1,0.13333,46499.38
534,12:54:59.410000,-0.14073,-0.70121,-0.05226,-1.33333,0.96667,0.2,46499.41
535,12:54:59.440000,-0.49857,-0.87236,-0.05276,-0.93333,1.2,0.03333,46499.44
536,12:54:59.470000,-0.54976,-0.59736,-0.04861,-0.86667,1.06667,-0.0,46499.47
537,12:54:59.500000,-0.59096,-0.69942,-0.02614,-1.1,0.9,0.03333,46499.5
538,12:54:59.530000,-0.31522,-0.79742,-0.00675,-1.16667,0.73333,0.03333,46499.53
539,12:54:59.560000,-0.36288,-0.72331,-0.82026,-0.86667,0.8,0.06667,46499.56
540,12:54:59.600000,-0.43767,-0.50831,-1.34356,-0.9,0.7,-0.1,46499.6
541,12:54:59.630000,-0.43767,-0.50831,-1.34356,-0.9,0.7,-0.1,46499.63
542,12:54:59.660000,-0.11602,-0.83131,-3.01863,-0.6,0.7,-0.03333,46499.66
543,12:54:59.690000,-0.68951,-0.39131,-3.27016,-0.46667,0.73333,-0.03333,46499.69
544,12:54:59.720000,0.103,-0.99831,-3.99519,-0.43333,0.13333,-0.06667,46499.72
545,12:54:59.750000,-0.09151,-0.49442,-4.39527,-0.26667,0.26667,-0.1,46499.75
546,12:54:59.770000,-0.17951,-0.39642,-4.31877,-0.13333,0.33333,-0.2,46499.77
547,12:54:59.810000,-0.17951,-0.39642,-4.31877,-0.13333,0.33333,-0.2,46499.81
548,12:54:59.840000,0.46298,-0.58736,-3.23686,0.06667,0.2,-0.1,46499.84
549,12:54:59.870000,0.02098,-0.37136,-3.21009,0.16667,0.23333,-0.13333,46499.87
550,12:54:59.900000,0.05098,-0.33336,-2.62825,0.06667,0.0,-0.13333,46499.9
551,12:54:59.930000,0.15898,-0.53836,-2.36305,-0.06667,-0.2,-0.06667,46499.93
552,12:54:59.960000,-0.03802,-0.45036,-2.32892,0.2,0.13333,-0.0,46499.96
553,12:54:59.990000,-0.03802,-0.45036,-2.32892,0.2,0.13333,-0.0,46499.99
554,12:55:00.020000,0.03098,-0.80336,-1.91199,0.13333,-0.26667,-0.0,46500.02
555,12:55:00.050000,0.10898,-0.62636,-2.1184,0.2,-0.33333,-0.0,46500.05
556,12:55:00.090000,0.10898,-0.62636,-2.1184,0.2,-0.33333,-0.0,46500.09
557,12:55:00.110000,-0.838,-0.26536,-2.73345,0.0,-0.96667,0.03333,46500.11
558,12:55:00.140000,0.98198,-0.95036,-1.8473,0.1,-1.1,0.06667,46500.14
559,12:55:00.180000,0.5489,-0.92136,-2.15017,0.4,-0.63333,0.03333,46500.18
560,12:55:00.200000,-0.14726,-0.90136,-1.79524,0.2,-2.0,0.06667,46500.2
561,12:55:00.240000,1.13047,-1.29336,-0.29656,0.23333,-2.23333,0.16667,46500.24
562,12:55:00.270000,-0.95957,-0.44036,-0.07077,1.1,-1.43333,0.06667,46500.27
563,12:55:00.310000,-0.28773,-0.45036,-0.07916,0.86667,-2.23333,0.1,46500.31
564,12:55:00.340000,-0.28773,-0.45036,-0.07916,0.86667,-2.23333,0.1,46500.34
565,12:55:00.380000,0.02333,-1.23436,-0.08994,1.33333,-1.4,0.23333,46500.38
566,12:55:00.410000,-0.51217,-0.48936,-0.292,1.13333,-2.4,0.3,46500.41
567,12:55:00.440000,-0.51217,-0.48936,-0.292,1.13333,-2.4,0.3,46500.44
568,12:55:00.460000,-0.51217,-0.48936,-0.292,1.13333,-2.4,0.3,46500.46
569,12:55:00.510000,0.15175,-1.53,0.41643,0.53333,-2.76667,0.46667,46500.51
570,12:55:00.540000,0.15175,-1.53,0.41643,0.53333,-2.76667,0.46667,46500.54
571,12:55:00.570000,0.15175,-1.53,0.41643,0.53333,-2.76667,0.46667,46500.57
572,12:55:00.600000,-0.84364,-0.90779,-0.60667,0.66667,-1.66667,0.5,46500.6
573,12:55:00.640000,-0.39317,-1.03479,-0.13846,0.63333,-2.03333,0.46667,46500.64
574,12:55:00.660000,0.60649,-0.47658,0.13302,1.0,-1.1,0.46667,46500.66
575,12:55:00.700000,-0.66452,-0.43,-0.34697,0.53333,-1.76667,0.43333,46500.7
576,12:55:00.730000,-0.66452,-0.43,-0.34697,0.53333,-1.76667,0.43333,46500.73
577,12:55:00.760000,0.77493,-0.44638,0.16277,0.9,-0.6,0.46667,46500.76
578,12:55:00.780000,-0.38207,-0.18951,-0.0517,0.9,-0.83333,0.43333,46500.78
579,12:55:00.820000,0.59241,0.17661,0.02806,0.6,-1.83333,0.13333,46500.82
580,12:55:00.850000,1.04678,0.04977,0.22766,0.66667,-1.6,0.13333,46500.85
581,12:55:00.880000,-0.66946,0.18625,0.20259,1.0,-0.83333,0.23333,46500.88
582,12:55:00.910000,-0.77017,0.69501,0.29898,0.9,-0.9,0.23333,46500.91
583,12:55:00.940000,0.276,-0.258,0.43976,0.56667,-0.6,0.13333,46500.94
584,12:55:00.970000,0.247,-0.689,1.06401,0.73333,-0.23333,0.26667,46500.97
585,12:55:01.010000,-0.263,0.25917,0.51057,0.56667,-0.13333,0.26667,46501.01
586,12:55:01.050000,0.266,-0.50483,0.88885,0.36667,-0.4,0.16667,46501.05
587,12:55:01.070000,-0.14317,-0.14283,0.88737,0.53333,0.1,0.2,46501.07
588,12:55:01.110000,-0.68217,-0.14283,0.77387,0.4,0.03333,0.16667,46501.11
589,12:55:01.140000,-0.27017,-0.18183,1.06825,0.0,-0.33333,-0.0,46501.14
590,12:55:01.170000,-0.06417,-0.11283,0.71143,0.3,0.23333,0.03333,46501.17
591,12:55:01.200000,-0.64946,0.07317,0.6368,0.23333,0.16667,-0.0,46501.2
592,12:55:01.240000,-0.42346,0.03417,0.65839,0.0,-0.1,-0.0,46501.24
593,12:55:01.270000,0.15454,-0.365,0.88921,-0.16667,-0.23333,-0.03333,46501.27
594,12:55:01.310000,0.33154,-0.513,0.50041,0.06667,0.16667,-0.0,46501.31
595,12:55:01.340000,-0.40982,-0.13799,0.389,0.1,0.06667,-0.0,46501.34
596,12:55:01.370000,0.27718,-0.82375,0.60436,-0.23333,-0.13333,-0.0,46501.37
597,12:55:01.400000,-0.27722,-0.62723,0.28511,0.06667,0.23333,0.03333,46501.4
598,12:55:01.430000,-0.88522,-0.38223,-0.28235,-0.03333,0.03333,-0.0,46501.43
599,12:55:01.460000,-0.32959,-1.05939,0.3578,0.0,0.0,-0.0,46501.46
600,12:55:01.490000,-0.24159,-0.87339,0.35002,0.06667,0.16667,-0.0,46501.49
601,12:55:01.530000,-0.93989,-0.71716,-0.08955,0.0,0.03333,-0.06667,46501.53
602,12:55:01.550000,-0.51789,-1.03116,0.21876,-0.13333,-0.16667,-0.1,46501.55
603,12:55:01.590000,-0.20389,-1.08016,0.41562,0.1,0.03333,-0.0,46501.59
604,12:55:01.620000,-0.56689,-0.80516,0.19837,0.16667,0.16667,-0.0,46501.62
605,12:55:01.640000,-0.55907,-1.03251,0.42198,-0.06667,-0.16667,-0.06667,46501.64
606,12:55:01.670000,-0.51907,-1.20951,0.32926,0.06667,0.16667,-0.03333,46501.67
607,12:55:01.700000,-0.76507,-0.98351,0.13205,0.03333,0.1,-0.0,46501.7
608,12:55:01.730000,-0.76507,-0.98351,0.13205,0.03333,0.1,-0.0,46501.73
609,12:55:01.770000,-0.85309,-1.24851,0.25788,0.03333,0.03333,-0.03333,46501.77
610,12:55:01.800000,-1.05909,-1.07151,0.19045,0.1,0.1,-0.03333,46501.8
611,12:55:01.830000,-0.49007,-1.14051,0.33694,0.0,0.03333,-0.03333,46501.83
612,12:55:01.860000,-0.64707,-1.20951,0.20477,0.0,0.06667,-0.03333,46501.86
613,12:55:01.890000,-0.49007,-1.25851,0.25383,0.03333,0.03333,-0.03333,46501.89
614,12:55:01.920000,-0.53907,-0.93316,0.40291,0.06667,0.06667,-0.0,46501.92
615,12:55:01.960000,-0.80407,-0.74616,0.12901,0.0,0.0,-0.03333,46501.96
616,12:55:01.990000,-0.32189,-0.97216,0.37184,0.0,0.0,-0.03333,46501.99
617,12:55:02.030000,-0.43989,-0.86339,0.54842,0.06667,0.1,-0.0,46502.03
618,12:55:02.050000,-0.43989,-0.86339,0.54842,0.06667,0.1,-0.0,46502.05
619,12:55:02.110000,-0.12589,-0.82439,0.63395,-0.16667,0.16667,-0.0,46502.11
620,12:55:02.140000,-0.23507,-1.30516,0.50894,-0.06667,0.43333,0.06667,46502.14
621,12:55:02.160000,-1.07789,-0.99351,0.45633,-0.03333,0.43333,-0.03333,46502.16
622,12:55:02.190000,-0.59442,-1.36551,0.86268,-0.33333,0.46667,-0.0,46502.19
623,12:55:02.220000,-0.59442,-1.36551,0.86268,-0.33333,0.46667,-0.0,46502.22
624,12:55:02.330000,-1.209,-1.63571,1.61003,-0.26667,1.4,-0.1,46502.33
625,12:55:02.380000,-1.38264,-1.27938,0.95862,-0.3,3.13333,-0.03333,46502.38
626,12:55:02.400000,0.1046,-1.81171,1.03153,-0.96667,2.43333,0.06667,46502.4
627,12:55:02.440000,-0.14172,-1.61571,0.65176,-0.9,2.8,0.16667,46502.44
628,12:55:02.470000,-0.57558,-1.57946,0.217,-0.86667,2.93333,0.13333,46502.47
629,12:55:02.500000,0.20112,-1.41658,0.34439,-1.06667,2.4,0.26667,46502.5
630,12:55:02.530000,0.08764,-1.597,0.23254,-1.1,2.66667,0.33333,46502.53
631,12:55:02.560000,-0.88572,-0.85569,-0.42496,-1.03333,2.33333,0.23333,46502.56
632,12:55:02.590000,-0.88572,-0.85569,-0.42496,-1.03333,2.33333,0.23333,46502.59
633,12:55:02.620000,-0.50042,-1.20179,-0.16267,-1.4,2.0,0.4,46502.62
634,12:55:02.650000,-1.34786,-1.245,-0.37183,-1.43333,1.86667,0.36667,46502.65
635,12:55:02.680000,-0.91898,-1.03,-0.2282,-1.33333,1.56667,0.26667,46502.68
636,12:55:02.710000,-0.2626,-1.15221,-0.06003,-1.26667,1.56667,0.26667,46502.71
637,12:55:02.740000,-0.96396,-0.71536,-0.10701,-1.46667,1.93333,0.46667,46502.74
638,12:55:02.770000,-0.7061,-1.23331,-0.60882,-1.2,1.2,0.26667,46502.77
639,12:55:02.810000,-1.16756,-1.198,-0.98181,-1.06667,1.16667,0.3,46502.81
640,12:55:02.830000,-1.16756,-1.198,-0.98181,-1.06667,1.16667,0.3,46502.83
641,12:55:02.860000,-1.466,-0.729,-3.35841,-1.26667,1.06667,0.36667,46502.86
642,12:55:02.890000,-0.80456,-0.54542,-3.51173,-1.3,0.0,-0.1,46502.89
643,12:55:02.920000,-0.09856,-0.87942,-3.86602,-1.3,0.0,-0.03333,46502.92
644,12:55:02.960000,0.14644,-0.97742,-4.48023,-0.93333,0.33333,-0.06667,46502.96
645,12:55:02.990000,0.0289,-0.474,-4.2032,-0.73333,0.3,-0.06667,46502.99
646,12:55:03.020000,-0.20267,-0.346,-4.46303,-0.7,0.26667,-0.06667,46503.02
647,12:55:03.050000,0.01333,-0.581,-4.62634,-0.66667,0.16667,-0.1,46503.05
648,12:55:03.070000,0.13774,-0.42031,-4.97662,-0.5,0.1,-0.06667,46503.07
649,12:55:03.100000,0.13774,-0.42031,-4.97662,-0.5,0.1,-0.06667,46503.1
650,12:55:03.130000,-0.13688,0.00558,-4.91108,-0.06667,-0.1,-0.1,46503.13
651,12:55:03.170000,0.47112,-0.29842,-4.18279,0.0,-0.16667,-0.1,46503.17
652,12:55:03.200000,0.10812,0.00558,-3.5873,0.2,0.16667,-0.06667,46503.2
653,12:55:03.230000,-0.16688,-0.09242,-3.44382,0.13333,-0.03333,-0.06667,46503.23
654,12:55:03.260000,0.29412,-0.18142,-3.53755,0.16667,-0.56667,-0.06667,46503.26
655,12:55:03.290000,0.96112,-0.55242,-3.08312,0.2,-0.5,-0.03333,46503.29
656,12:55:03.320000,0.56874,-0.24942,-3.67676,0.36667,-0.16667,0.03333,46503.32
657,12:55:03.350000,-0.64726,-0.35742,-5.70721,0.53333,-0.5,-0.0,46503.35
658,12:55:03.380000,0.71544,-0.55242,-2.6034,0.66667,-1.5,0.1,46503.38
659,12:55:03.410000,0.71544,-0.55242,-2.6034,0.66667,-1.5,0.1,46503.41
660,12:55:03.440000,-0.583,-0.29842,-2.07511,0.96667,-1.06667,0.03333,46503.44
661,12:55:03.470000,0.08744,-0.48542,0.00507,0.86667,-1.93333,0.1,46503.47
662,12:55:03.500000,0.40212,-0.74331,0.06879,0.96667,-1.2,0.3,46503.5
663,12:55:03.540000,-0.54022,-0.35231,-0.07774,1.26667,-0.7,0.2,46503.54
664,12:55:03.570000,-0.89863,-0.37131,-0.2078,1.03333,-2.1,0.1,46503.57
665,12:55:03.600000,0.4444,-0.62631,0.22724,0.63333,-2.5,0.26667,46503.6
666,12:55:03.630000,0.76765,-0.86131,0.18552,0.8,-1.26667,0.36667,46503.63
667,12:55:03.660000,-0.94054,-1.10631,-0.32031,1.13333,-0.83333,0.23333,46503.66
668,12:55:03.690000,0.38823,-0.97831,0.13906,0.43333,-1.96667,0.33333,46503.69
669,12:55:03.720000,-0.24971,-1.86131,-0.15279,0.86667,-1.26667,0.3,46503.72
670,12:55:03.750000,-0.24971,-1.86131,-0.15279,0.86667,-1.26667,0.3,46503.75
671,12:55:03.790000,0.39854,-0.48542,0.202,0.7,-2.23333,0.4,46503.79
672,12:55:03.810000,-0.5139,-1.63142,-0.28665,1.06667,-1.23333,0.46667,46503.81
673,12:55:03.840000,-0.96625,-1.00342,-0.56586,1.3,-1.3,0.36667,46503.84
674,12:55:03.870000,-0.4906,-1.49936,-0.08042,0.8,-2.2,0.2,46503.87
675,12:55:03.910000,0.10283,-1.56421,0.42009,0.9,-2.0,0.2,46503.91
676,12:55:03.940000,0.09137,-1.569,0.59355,1.16667,-1.53333,0.26667,46503.94
677,12:55:03.970000,0.09137,-1.569,0.59355,1.16667,-1.53333,0.26667,46503.97
678,12:55:04,-0.92351,0.12531,-0.13065,0.73333,-1.76667,0.2,46504.0
679,12:55:04.030000,0.77235,-0.74646,0.73581,0.8,-1.33333,0.36667,46504.03
680,12:55:04.060000,0.34658,-0.44871,0.65277,1.1,-0.66667,0.36667,46504.06
681,12:55:04.090000,-0.87189,0.42849,-0.47285,0.8,-0.66667,0.3,46504.09
682,12:55:04.120000,0.84393,-0.64816,0.71087,0.63333,-1.13333,0.23333,46504.12
683,12:55:04.150000,0.84393,-0.64816,0.71087,0.63333,-1.13333,0.23333,46504.15
684,12:55:04.180000,-0.31189,0.16677,0.38806,0.8,-0.1,0.33333,46504.18
685,12:55:04.210000,-0.88089,-0.26475,0.18033,0.56667,-0.73333,0.13333,46504.21
686,12:55:04.260000,0.29178,-0.17675,1.60715,0.7,-0.7,0.06667,46504.26
687,12:55:04.290000,-0.25722,-0.09899,0.47638,0.3,0.03333,0.06667,46504.29
688,12:55:04.320000,-0.45322,-0.54999,0.24858,0.36667,0.0,-0.0,46504.32
689,12:55:04.360000,0.50778,-0.17699,1.48816,0.33333,-0.2,-0.0,46504.36
690,12:55:04.380000,0.57578,-0.29499,1.37115,0.16667,0.1,-0.0,46504.38
691,12:55:04.410000,0.08578,-0.48099,1.22379,0.13333,0.23333,-0.0,46504.41
692,12:55:04.440000,0.31741,-0.23599,1.06914,0.16667,-0.03333,-0.06667,46504.44
693,12:55:04.480000,0.24941,-0.37399,0.63611,-0.03333,0.03333,-0.0,46504.48
694,12:55:04.500000,0.08241,-0.49075,0.45597,-0.03333,0.03333,-0.0,46504.5
695,12:55:04.540000,0.03111,-0.49975,0.51381,0.0,0.0,-0.03333,46504.54
696,12:55:04.570000,-0.04789,-0.24475,0.36041,0.0,0.0,-0.03333,46504.57
697,12:55:04.590000,0.10911,-0.55875,0.51194,-0.16667,0.1,-0.0,46504.59
698,12:55:04.620000,-0.03789,-0.60723,0.14896,-0.06667,0.06667,-0.03333,46504.62
699,12:55:04.660000,0.15811,-0.44123,0.11981,0.0,0.03333,-0.03333,46504.66
700,12:55:04.690000,0.13911,-0.61723,0.24686,-0.06667,0.06667,-0.0,46504.69
701,12:55:04.720000,0.16811,-0.47023,0.02256,0.0,0.03333,-0.03333,46504.72
702,12:55:04.750000,0.16811,-0.47023,0.02256,0.0,0.03333,-0.03333,46504.75
703,12:55:04.780000,0.05111,-0.39223,0.1505,0.0,0.0,-0.0,46504.78
704,12:55:04.810000,0.05111,-0.39223,0.1505,0.0,0.0,-0.0,46504.81
705,12:55:04.840000,0.47211,-0.46023,0.61447,0.0,0.03333,-0.0,46504.84
706,12:55:04.870000,0.47211,-0.46023,0.61447,0.0,0.03333,-0.0,46504.87
707,12:55:04.900000,0.25611,-0.38223,0.31661,0.0,0.1,-0.0,46504.9
708,12:55:04.930000,-0.07807,-0.36223,0.16835,-0.03333,-0.03333,-0.06667,46504.93
709,12:55:04.960000,0.24593,-0.56939,0.31708,0.0,0.0,-0.03333,46504.96
710,12:55:04.990000,0.11793,-0.52939,0.1951,0.0,0.13333,-0.0,46504.99
711,12:55:05.020000,0.06893,-0.46139,0.19514,0.0,0.13333,-0.0,46505.02
712,12:55:05.050000,-7e-05,-0.52939,0.2569,0.0,-0.06667,-0.06667,46505.05
713,12:55:05.080000,0.41193,-0.50039,0.51258,0.03333,0.06667,-0.03333,46505.08
714,12:55:05.110000,-0.02907,-0.47039,0.28908,0.0,0.16667,-0.03333,46505.11
715,12:55:05.140000,-0.12709,-0.46139,0.22094,-0.03333,0.0,-0.1,46505.14
716,12:55:05.170000,0.02991,-0.53939,0.27484,0.0,-0.06667,-0.1,46505.17
717,12:55:05.200000,0.08891,-0.60916,0.63327,0.0,0.06667,-0.0,46505.2
718,12:55:05.230000,-0.28409,-0.67816,0.45824,-0.1,0.13333,-0.06667,46505.23
719,12:55:05.270000,-0.30409,-0.66816,0.28197,-0.1,0.06667,-0.1,46505.27
720,12:55:05.300000,0.07891,-0.58016,0.6641,-0.13333,0.1,-0.06667,46505.3
721,12:55:05.330000,-0.25389,-0.81651,0.56535,-0.2,0.4,-0.03333,46505.33
722,12:55:05.360000,-0.49642,-0.77751,0.87164,-0.06667,0.63333,-0.1,46505.36
723,12:55:05.390000,-0.15342,-1.01538,1.34585,-0.13333,0.83333,-0.13333,46505.39
724,12:55:05.420000,-0.33565,-0.87738,1.23116,-0.26667,1.03333,-0.1,46505.42
725,12:55:05.450000,-0.01098,-1.20138,1.63608,-0.33333,1.63333,-0.1,46505.45
726,12:55:05.480000,-0.06152,-1.19138,1.45905,-0.23333,1.86667,-0.13333,46505.48
727,12:55:05.510000,0.46222,-1.28938,1.67545,-0.73333,1.83333,-0.1,46505.51
728,12:55:05.540000,0.06936,-1.03438,0.75896,-0.73333,2.66667,-0.0,46505.54
729,12:55:05.580000,0.06936,-1.03438,0.75896,-0.73333,2.66667,-0.0,46505.58
730,12:55:05.610000,0.53483,-1.03771,0.49434,-0.93333,2.2,0.03333,46505.61
731,12:55:05.640000,0.21842,-0.99146,0.36869,-0.96667,2.66667,0.16667,46505.64
732,12:55:05.670000,0.1173,-1.06358,0.07845,-1.06667,2.66667,0.23333,46505.67
733,12:55:05.700000,-0.22939,-1.106,-0.26241,-1.06667,2.6,0.3,46505.7
734,12:55:05.730000,-0.32881,-0.84464,-0.29872,-1.33333,2.26667,0.23333,46505.73
735,12:55:05.760000,-0.32881,-0.84464,-0.29872,-1.33333,2.26667,0.23333,46505.76
736,12:55:05.790000,-0.93317,-1.196,-0.44728,-1.23333,2.06667,0.2,46505.79
737,12:55:05.820000,-1.01567,-0.304,-0.36974,-1.16667,1.66667,0.2,46505.82
738,12:55:05.850000,-1.01567,-0.304,-0.36974,-1.16667,1.66667,0.2,46505.85
739,12:55:05.880000,-1.01567,-0.304,-0.36974,-1.16667,1.66667,0.2,46505.88
740,12:55:05.910000,-1.01567,-0.304,-0.36974,-1.16667,1.66667,0.2,46505.91
741,12:55:05.940000,-1.01567,-0.304,-0.36974,-1.16667,1.66667,0.2,46505.94
742,12:55:05.970000,-1.01567,-0.304,-0.36974,-1.16667,1.66667,0.2,46505.97
743,12:55:06,-1.01138,-0.31821,-0.28542,-1.33333,1.56667,0.16667,46506.0
744,12:55:06.030000,-0.56976,-0.60731,-0.0,-1.23333,1.33333,0.23333,46506.03
745,12:55:06.060000,-1.01753,-0.552,-2.26298,-1.1,1.13333,0.23333,46506.06
746,12:55:06.090000,-1.01753,-0.552,-2.26298,-1.1,1.13333,0.23333,46506.09
747,12:55:06.130000,-1.01753,-0.552,-2.26298,-1.1,1.13333,0.23333,46506.13
748,12:55:06.160000,-1.01753,-0.552,-2.26298,-1.1,1.13333,0.23333,46506.16
749,12:55:06.190000,-1.01753,-0.552,-2.26298,-1.1,1.13333,0.23333,46506.19
750,12:55:06.220000,-1.01753,-0.552,-2.26298,-1.1,1.13333,0.23333,46506.22
751,12:55:06.250000,-1.01753,-0.552,-2.26298,-1.1,1.13333,0.23333,46506.25
752,12:55:06.280000,-1.01753,-0.552,-2.26298,-1.1,1.13333,0.23333,46506.28
753,12:55:06.310000,-1.01753,-0.552,-2.26298,-1.1,1.13333,0.23333,46506.31
754,12:55:06.340000,-1.01753,-0.552,-2.26298,-1.1,1.13333,0.23333,46506.34
755,12:55:06.370000,-1.01753,-0.552,-2.26298,-1.1,1.13333,0.23333,46506.37
756,12:55:06.400000,-1.01753,-0.552,-2.26298,-1.1,1.13333,0.23333,46506.4
757,12:55:06.430000,-1.01753,-0.552,-2.26298,-1.1,1.13333,0.23333,46506.43
758,12:55:06.470000,-1.01753,-0.552,-2.26298,-1.1,1.13333,0.23333,46506.47
759,12:55:06.500000,-1.01753,-0.552,-2.26298,-1.1,1.13333,0.23333,46506.5
760,12:55:06.530000,-1.01753,-0.552,-2.26298,-1.1,1.13333,0.23333,46506.53
761,12:55:06.560000,-1.01753,-0.552,-2.26298,-1.1,1.13333,0.23333,46506.56
762,12:55:06.590000,-1.01753,-0.552,-2.26298,-1.1,1.13333,0.23333,46506.59
763,12:55:06.620000,-1.01753,-0.552,-2.26298,-1.1,1.13333,0.23333,46506.62
764,12:55:06.650000,-1.01753,-0.552,-2.26298,-1.1,1.13333,0.23333,46506.65
765,12:55:06.680000,-1.01753,-0.552,-2.26298,-1.1,1.13333,0.23333,46506.68
766,12:55:06.710000,-1.01753,-0.552,-2.26298,-1.1,1.13333,0.23333,46506.71
767,12:55:06.740000,-1.01753,-0.552,-2.26298,-1.1,1.13333,0.23333,46506.74
768,12:55:06.780000,-1.01753,-0.552,-2.26298,-1.1,1.13333,0.23333,46506.78
769,12:55:06.810000,-1.01753,-0.552,-2.26298,-1.1,1.13333,0.23333,46506.81
770,12:55:06.840000,-1.01753,-0.552,-2.26298,-1.1,1.13333,0.23333,46506.84
771,12:55:06.870000,-1.01753,-0.552,-2.26298,-1.1,1.13333,0.23333,46506.87
772,12:55:06.900000,-1.01753,-0.552,-2.26298,-1.1,1.13333,0.23333,46506.9
773,12:55:06.930000,-1.01753,-0.552,-2.26298,-1.1,1.13333,0.23333,46506.93
774,12:55:06.960000,-1.01753,-0.552,-2.26298,-1.1,1.13333,0.23333,46506.96
775,12:55:06.990000,-1.01753,-0.552,-2.26298,-1.1,1.13333,0.23333,46506.99
776,12:55:07.020000,-1.01753,-0.552,-2.26298,-1.1,1.13333,0.23333,46507.02
777,12:55:07.050000,-1.01753,-0.552,-2.26298,-1.1,1.13333,0.23333,46507.05
778,12:55:07.080000,-1.01753,-0.552,-2.26298,-1.1,1.13333,0.23333,46507.08
779,12:55:07.110000,-1.01753,-0.552,-2.26298,-1.1,1.13333,0.23333,46507.11
780,12:55:07.140000,-1.01753,-0.552,-2.26298,-1.1,1.13333,0.23333,46507.14
781,12:55:07.170000,-1.01753,-0.552,-2.26298,-1.1,1.13333,0.23333,46507.17
782,12:55:07.210000,-1.01753,-0.552,-2.26298,-1.1,1.13333,0.23333,46507.21
783,12:55:07.230000,1.51441,-0.67471,0.71285,0.33333,-1.4,0.4,46507.23
784,12:55:07.270000,1.17478,-0.36738,0.34584,0.63333,-0.86667,0.5,46507.27
785,12:55:07.300000,-0.18382,0.45849,0.05573,0.8,-0.9,0.33333,46507.3
786,12:55:07.360000,-0.04146,0.31049,0.19964,0.33333,-1.3,0.26667,46507.36
787,12:55:07.390000,-0.685,0.18484,0.67173,0.76667,-0.43333,0.2,46507.39
788,12:55:07.420000,-0.49001,0.17484,0.87246,0.46667,-0.76667,0.06667,46507.42
789,12:55:07.450000,-1e-05,-0.10839,0.93532,0.3,-0.86667,0.03333,46507.45
790,12:55:07.480000,0.43975,-0.47039,1.26081,0.43333,-0.56667,0.1,46507.48
791,12:55:07.510000,-0.07925,0.06861,1.31411,0.36667,-0.03333,-0.0,46507.51
792,12:55:07.540000,0.06775,-0.12739,1.18015,0.06667,-0.06667,-0.0,46507.54
793,12:55:07.570000,0.74375,-0.32339,0.95293,0.23333,0.03333,-0.03333,46507.57
794,12:55:07.600000,0.10799,-0.09839,0.66233,0.2,0.13333,-0.0,46507.6
795,12:55:07.630000,-0.03901,-0.26616,0.46201,0.0,0.03333,-0.0,46507.63
796,12:55:07.660000,0.46099,-0.36416,0.42562,0.0,-0.06667,-0.06667,46507.66
797,12:55:07.690000,0.472,-0.61051,0.63207,0.06667,0.13333,-0.03333,46507.69
798,12:55:07.720000,0.109,-0.47351,0.40998,0.0,0.26667,-0.0,46507.72
799,12:55:07.750000,0.57,-0.65951,0.27358,-0.03333,-0.06667,-0.03333,46507.75
800,12:55:07.780000,0.649,-0.53251,0.27937,0.06667,0.06667,-0.03333,46507.78
801,12:55:07.810000,-0.13317,-0.65238,0.24599,0.0,0.13333,-0.0,46507.81
802,12:55:07.850000,-0.33546,-0.66238,0.11674,-0.06667,0.0,-0.03333,46507.85
803,12:55:07.880000,0.17454,-0.69138,0.20143,0.03333,0.1,-0.03333,46507.88
804,12:55:07.910000,0.03654,-0.55438,0.29643,0.06667,0.2,-0.03333,46507.91
805,12:55:07.940000,-0.15482,-0.86071,0.42604,-0.1,0.0,-0.03333,46507.94
806,12:55:07.970000,0.23354,-0.95871,0.42201,-0.03333,0.0,-0.06667,46507.97
807,12:55:08.010000,-0.08582,-0.68471,0.29154,0.06667,0.13333,-0.0,46508.01
808,12:55:08.040000,-0.28182,-0.83171,0.36999,-0.06667,-0.03333,-0.03333,46508.04
809,12:55:08.070000,0.04118,-0.84071,0.33995,0.0,0.16667,-0.03333,46508.07
810,12:55:08.100000,-0.13022,-0.77271,0.26493,0.03333,0.26667,-0.0,46508.1
811,12:55:08.140000,-0.35522,-0.84071,0.23273,0.03333,0.26667,-0.0,46508.14
812,12:55:08.170000,-0.02222,-1.04046,0.34818,-0.1,-0.03333,-0.06667,46508.17
813,12:55:08.200000,0.00441,-1.09946,0.52254,0.0,0.26667,-0.03333,46508.2
814,12:55:08.230000,0.00441,-1.09946,0.52254,0.0,0.26667,-0.03333,46508.23
815,12:55:08.260000,-0.41989,-0.98146,0.39846,-0.13333,0.13333,-0.1,46508.26
816,12:55:08.290000,0.16811,-1.53458,0.82498,0.0,0.46667,-0.06667,46508.29
817,12:55:08.320000,-0.06807,-1.06946,0.86208,0.1,0.73333,-0.03333,46508.32
818,12:55:08.350000,-0.63589,-1.04358,0.90035,-0.06667,0.8,-0.03333,46508.35
819,12:55:08.380000,-1.03542,-1.10258,1.41143,-0.23333,0.73333,-0.0,46508.38
820,12:55:08.410000,0.11048,-1.763,2.25287,-0.1,1.8,-0.03333,46508.41
821,12:55:08.440000,-0.679,-1.548,2.16627,-0.03333,2.33333,-0.06667,46508.44
822,12:55:08.480000,-0.70068,-1.626,1.28818,-0.83333,1.7,-0.06667,46508.48
823,12:55:08.510000,-0.24378,-1.812,1.21095,-0.86667,1.8,-0.1,46508.51
824,12:55:08.540000,0.06783,-1.803,1.1786,-0.8,2.03333,-0.1,46508.54
825,12:55:08.570000,-0.12764,-1.655,0.97571,-0.8,2.33333,-0.0,46508.57
826,12:55:08.600000,-0.0424,-1.52169,0.39771,-1.3,1.8,-0.0,46508.6
827,12:55:08.630000,0.64328,-1.62458,0.74115,-1.23333,2.0,0.03333,46508.63
828,12:55:08.660000,-0.0887,-1.55479,-0.02359,-1.16667,2.8,0.23333,46508.66
829,12:55:08.690000,-0.26839,-1.275,-0.28689,-1.13333,2.7,0.26667,46508.69
830,12:55:08.720000,-0.32835,-0.932,-0.3358,-0.9,2.86667,0.23333,46508.72
831,12:55:08.750000,-0.83402,-0.83821,-0.52818,-0.86667,2.7,0.26667,46508.75
832,12:55:08.780000,-1.11017,-0.51936,-0.52989,-0.9,2.33333,0.26667,46508.78
833,12:55:08.820000,-1.11017,-0.51936,-0.52989,-0.9,2.33333,0.26667,46508.82
834,12:55:08.840000,-0.77235,-0.46931,-0.19263,-1.36667,1.36667,0.2,46508.84
835,12:55:08.880000,-0.66457,-0.88942,-0.08177,-1.43333,1.3,0.1,46508.88
836,12:55:08.910000,-0.66457,-0.88942,-0.08177,-1.43333,1.3,0.1,46508.91
837,12:55:08.940000,-0.77063,-0.73242,-0.03245,-1.16667,1.46667,0.06667,46508.94
838,12:55:08.970000,-0.97667,-0.94154,-1.87925,-1.33333,1.06667,0.06667,46508.97
839,12:55:09,-0.97667,-0.94154,-1.87925,-1.33333,1.06667,0.06667,46509.0
840,12:55:09.030000,-0.90102,-0.68654,-3.78781,-1.03333,0.8,-0.0,46509.03
841,12:55:09.060000,-0.318,-0.58854,-3.70915,-0.96667,0.6,-0.1,46509.06
842,12:55:09.090000,-0.60151,-0.58854,-4.69834,-0.9,0.63333,-0.06667,46509.09
843,12:55:09.120000,-0.64602,-0.52954,-4.70929,-0.83333,0.46667,-0.06667,46509.12
844,12:55:09.150000,-0.03056,-0.71242,-4.66703,-0.5,0.2,-0.26667,46509.15
845,12:55:09.180000,-0.03056,-0.71242,-4.66703,-0.5,0.2,-0.26667,46509.18
846,12:55:09.210000,-0.03056,-0.71242,-4.66703,-0.5,0.2,-0.26667,46509.21
847,12:55:09.240000,0.57233,-0.444,-3.71067,-0.23333,-0.23333,-0.36667,46509.24
848,12:55:09.270000,0.81733,-0.23431,-3.41221,-0.03333,0.4,-0.13333,46509.27
849,12:55:09.310000,0.81733,-0.23431,-3.41221,-0.03333,0.4,-0.13333,46509.31
850,12:55:09.340000,0.15033,-0.03831,-4.1039,0.0,0.06667,-0.2,46509.34
851,12:55:09.370000,0.92533,-0.22431,-2.98936,-0.06667,-0.16667,-0.06667,46509.37
852,12:55:09.400000,1.04333,-0.22042,-2.97494,-0.03333,0.0,-0.0,46509.4
853,12:55:09.430000,0.23574,-0.16142,-4.35599,0.23333,0.16667,-0.03333,46509.43
854,12:55:09.460000,0.41174,-0.27942,-4.32151,0.2,-0.23333,-0.0,46509.46
855,12:55:09.490000,0.41174,-0.27942,-4.32151,0.2,-0.23333,-0.0,46509.49
856,12:55:09.520000,0.41174,-0.27942,-4.32151,0.2,-0.23333,-0.0,46509.52
857,12:55:09.550000,-0.00667,-0.14142,-4.19383,0.56667,-0.53333,-0.03333,46509.55
858,12:55:09.580000,0.05844,0.05458,-3.96541,0.46667,-0.9,0.03333,46509.58
859,12:55:09.610000,0.19798,-0.70431,-3.71534,0.9,-0.6,0.03333,46509.61
860,12:55:09.640000,0.19798,-0.70431,-3.71534,0.9,-0.6,0.03333,46509.64
861,12:55:09.670000,-0.34651,-0.35231,-3.2486,1.1,-0.7,-0.03333,46509.67
862,12:55:09.710000,-0.1861,-0.94931,-0.45477,0.76667,-2.16667,0.06667,46509.71
863,12:55:09.740000,-0.13822,-0.73331,-0.0167,1.26667,-2.06667,0.13333,46509.74
864,12:55:09.780000,-0.8506,-0.49931,-0.1839,0.7,-2.46667,0.13333,46509.78
865,12:55:09.810000,0.55165,-1.03731,0.09226,0.7,-2.5,0.13333,46509.81
866,12:55:09.840000,-0.91242,-0.68042,-0.28785,1.43333,-1.16667,0.13333,46509.84
867,12:55:09.870000,-0.91242,-0.68042,-0.28785,1.43333,-1.16667,0.13333,46509.87
868,12:55:09.910000,-1.85315,-0.49442,-0.60891,1.43333,-1.56667,0.13333,46509.91
869,12:55:09.930000,-0.75088,-1.05421,-0.24908,1.16667,-2.4,0.23333,46509.93
870,12:55:09.960000,-1.1818,-1.18121,-0.45202,1.23333,-2.43333,0.26667,46509.96
871,12:55:09.990000,-1.3737,-0.324,-0.56279,1.13333,-2.86667,0.26667,46509.99
872,12:55:10.020000,0.52483,-1.196,0.05697,0.73333,-2.63333,0.23333,46510.02
873,12:55:10.060000,-0.08463,-1.687,0.08569,1.0,-2.0,0.33333,46510.06
874,12:55:10.090000,-1.54468,-0.21664,-0.34998,1.2,-1.96667,0.26667,46510.09
875,12:55:10.120000,-0.85652,-0.07458,-0.59259,0.8,-2.3,0.1,46510.12
876,12:55:10.140000,0.53248,-1.097,0.09077,0.63333,-2.16667,0.1,46510.14
877,12:55:10.180000,-1.28407,0.09262,-0.61608,0.9,-1.4,0.16667,46510.18
878,12:55:10.210000,-0.20389,-0.73851,0.46322,0.63333,-1.86667,-0.0,46510.21
879,12:55:10.240000,0.46854,-1.10916,2.0807,0.93333,-1.0,0.4,46510.24
880,12:55:10.270000,-0.80017,0.12761,1.61977,0.96667,-0.46667,0.33333,46510.27
881,12:55:10.300000,-1.38817,0.14661,0.71606,0.46667,-0.63333,0.1,46510.3
882,12:55:10.330000,0.453,-1.01923,1.44765,0.33333,-0.96667,-0.0,46510.33
883,12:55:10.360000,0.09799,-0.42123,1.737,0.53333,-0.03333,0.16667,46510.36
884,12:55:10.390000,-0.48101,-0.01923,1.27927,0.26667,0.0,0.03333,46510.39
885,12:55:10.420000,0.54899,-0.34323,1.28432,0.13333,-0.3,-0.03333,46510.42
886,12:55:10.450000,0.54899,-0.34323,1.28432,0.13333,-0.3,-0.03333,46510.45
887,12:55:10.480000,-0.16701,-0.07839,0.74375,0.0,0.13333,-0.03333,46510.48
888,12:55:10.510000,0.59,-0.47039,0.60946,-0.06667,-0.1,-0.1,46510.51
889,12:55:10.540000,0.688,-0.67816,0.57846,0.03333,0.1,-0.03333,46510.54
890,12:55:10.570000,-0.27017,-0.30516,0.08043,-0.06667,0.03333,-0.03333,46510.57
891,12:55:10.600000,0.12183,-0.58151,0.15287,-0.13333,-0.2,-0.1,46510.6
892,12:55:10.630000,0.48854,-0.85838,0.46765,0.1,0.03333,-0.03333,46510.63
893,12:55:10.670000,-0.08046,-0.72138,0.40026,0.06667,0.26667,-0.0,46510.67
894,12:55:10.700000,-0.33546,-0.65238,0.1323,-0.06667,0.1,-0.0,46510.7
895,12:55:10.730000,0.09018,-0.97871,0.10767,-0.03333,-0.06667,-0.1,46510.73
896,12:55:10.760000,0.08018,-0.94871,0.25501,0.06667,0.2,-0.0,46510.76
897,12:55:10.790000,-0.42422,-0.84071,0.19687,0.03333,0.16667,-0.0,46510.79
898,12:55:10.820000,-0.03222,-1.21646,0.45604,-0.1,-0.06667,-0.06667,46510.82
899,12:55:10.850000,0.00778,-1.11846,0.28102,0.0,0.03333,-0.03333,46510.85
900,12:55:10.880000,-0.41759,-1.02046,0.18496,0.0,0.03333,-0.0,46510.88
901,12:55:10.910000,-0.28059,-1.00146,0.3468,-0.03333,-0.03333,-0.0,46510.91
902,12:55:10.940000,-0.22159,-1.12846,0.13909,0.03333,0.16667,-0.0,46510.94
903,12:55:10.970000,-0.37859,-1.02046,0.10456,0.13333,0.2,-0.0,46510.97
904,12:55:11,-0.38859,-0.97146,0.3273,-0.03333,-0.06667,-0.0,46511.0
905,12:55:11.030000,-0.20159,-1.13846,0.346,-0.06667,-0.1,-0.0,46511.03
906,12:55:11.060000,-0.30959,-1.04046,0.34619,0.13333,0.1,-0.0,46511.06
907,12:55:11.100000,-0.42759,-0.87346,0.41768,0.06667,0.1,-0.0,46511.1
908,12:55:11.130000,-0.45659,-1.07946,0.21184,-0.06667,0.0,-0.03333,46511.13
909,12:55:11.150000,-0.15259,-1.17746,0.32676,0.0,0.0,-0.06667,46511.15
910,12:55:11.180000,-0.33959,-0.89071,0.48484,0.06667,0.16667,-0.0,46511.18
911,12:55:11.220000,-0.57689,-1.12846,0.47726,-0.1,0.0,-0.06667,46511.22
912,12:55:11.250000,-0.46889,-1.12846,0.43907,-0.06667,0.0,-0.06667,46511.25
913,12:55:11.280000,-0.55789,-0.98146,0.48011,0.0,0.23333,-0.03333,46511.28
914,12:55:11.310000,-0.64589,-0.98146,0.33646,-0.06667,0.36667,-0.06667,46511.31
915,12:55:11.340000,-0.61707,-1.09946,0.5455,-0.16667,0.36667,-0.06667,46511.34
916,12:55:11.370000,-0.33307,-1.28546,0.65211,-0.13333,0.66667,-0.06667,46511.37
917,12:55:11.400000,-0.54909,-1.15846,0.65306,0.0,1.03333,-0.1,46511.4
918,12:55:11.430000,-0.94742,-1.02458,0.81191,-0.13333,1.06667,-0.16667,46511.43
919,12:55:11.460000,-0.46365,-0.87346,0.99623,-0.36667,0.9,-0.13333,46511.46
920,12:55:11.490000,0.19502,-1.59258,1.31108,-0.2,1.76667,-0.1,46511.49
921,12:55:11.520000,-0.14,-1.56946,1.47258,-0.1,2.16667,-0.13333,46511.52
922,12:55:11.560000,-0.14,-1.56946,1.47258,-0.1,2.16667,-0.13333,46511.56
923,12:55:11.590000,0.34422,-1.33446,1.32875,-0.53333,1.86667,-0.06667,46511.59
924,12:55:11.620000,0.36637,-1.57946,1.20989,-0.33333,2.86667,0.13333,46511.62
925,12:55:11.650000,0.36637,-1.57946,1.20989,-0.33333,2.86667,0.13333,46511.65
926,12:55:11.680000,0.0094,-1.04046,0.33575,-0.73333,2.43333,0.1,46511.68
927,12:55:11.710000,0.2443,-1.302,0.4067,-0.96667,2.5,0.2,46511.71
928,12:55:11.740000,0.00561,-1.155,0.0896,-0.93333,2.5,0.26667,46511.74
929,12:55:11.770000,-0.00386,-0.86958,-0.06555,-1.03333,2.33333,0.33333,46511.77
930,12:55:11.800000,-0.06481,-0.87364,-0.09826,-1.16667,2.33333,0.36667,46511.8
931,12:55:11.830000,-0.58017,-1.039,-0.29362,-1.36667,2.23333,0.26667,46511.83
932,12:55:11.860000,-0.58017,-1.039,-0.29362,-1.36667,2.23333,0.26667,46511.86
933,12:55:11.890000,-0.38242,-0.87721,-0.17961,-1.3,2.3,0.36667,46511.89
934,12:55:11.920000,-0.38242,-0.87721,-0.17961,-1.3,2.3,0.36667,46511.92
935,12:55:11.950000,-1.40276,-0.50831,-0.16879,-1.46667,1.66667,0.26667,46511.95
936,12:55:11.980000,-1.40276,-0.50831,-0.16879,-1.46667,1.66667,0.26667,46511.98
937,12:55:12.010000,-1.40276,-0.50831,-0.16879,-1.46667,1.66667,0.26667,46512.01
938,12:55:12.040000,-0.81202,-0.62442,-4.22647,-1.1,1.06667,0.06667,46512.04
939,12:55:12.070000,-0.81202,-0.62442,-4.22647,-1.1,1.06667,0.06667,46512.07
940,12:55:12.100000,-0.81202,-0.62442,-4.22647,-1.1,1.06667,0.06667,46512.1
941,12:55:12.130000,-1.00802,0.11158,-5.39327,-0.7,0.4,-0.0,46512.13
942,12:55:12.160000,-0.56956,-0.10442,-5.03411,-0.66667,0.06667,-0.1,46512.16
943,12:55:12.190000,0.3239,-0.29142,-4.17973,-0.3,0.3,-0.1,46512.19
944,12:55:12.220000,-0.1081,-0.05542,-4.20333,-0.2,0.43333,-0.1,46512.22
945,12:55:12.260000,-0.3241,0.213,-4.09309,-0.26667,0.16667,-0.13333,46512.26
946,12:55:12.290000,1.0299,-0.454,-3.10404,-0.33333,-0.36667,-0.16667,46512.29
947,12:55:12.320000,0.5389,-0.228,-3.37686,0.1,0.43333,-0.03333,46512.32
948,12:55:12.350000,0.15033,-0.081,-3.64656,0.06667,0.26667,-0.03333,46512.35
949,12:55:12.390000,0.54333,-0.35231,-2.81476,-0.03333,-0.26667,-0.1,46512.39
950,12:55:12.410000,0.54333,-0.39131,-2.73989,0.1,-0.06667,-0.0,46512.41
951,12:55:12.440000,0.24833,-0.27331,-2.93158,0.2,0.13333,-0.0,46512.44
952,12:55:12.520000,-0.32967,-0.21431,-3.36838,0.06667,-0.2,-0.03333,46512.52
953,12:55:12.570000,-0.7061,0.03069,-3.84698,0.26667,-0.33333,-0.06667,46512.57
954,12:55:12.590000,-0.67756,-0.10631,-4.7599,0.13333,-0.86667,-0.06667,46512.59
955,12:55:12.630000,-0.67756,-0.10631,-4.7599,0.13333,-0.86667,-0.06667,46512.63
956,12:55:12.660000,-0.789,-0.13631,-5.03649,0.66667,-0.96667,-0.06667,46512.66
957,12:55:12.690000,0.08744,-0.63631,-3.62176,0.4,-2.26667,-0.0,46512.69
958,12:55:12.720000,0.08744,-0.63631,-3.62176,0.4,-2.26667,-0.0,46512.72
959,12:55:12.760000,0.08147,-0.65631,-0.60629,1.13333,-1.9,-0.0,46512.76
960,12:55:12.790000,0.67746,-0.64042,0.20607,1.0,-2.53333,0.26667,46512.79
961,12:55:12.830000,0.41533,-0.61142,0.07506,1.2,-2.0,0.33333,46512.83
962,12:55:12.860000,-0.71588,-0.46542,-0.35158,1.4,-1.6,0.33333,46512.86
963,12:55:12.890000,-0.09802,-0.88642,0.22116,0.86667,-2.93333,0.3,46512.89
964,12:55:12.920000,0.53412,-0.90136,0.00113,1.06667,-1.26667,0.56667,46512.92
965,12:55:12.950000,-1.07861,-1.49936,-0.7857,1.3,-0.93333,0.46667,46512.95
966,12:55:12.980000,-1.0697,-0.73021,-0.23954,1.13333,-2.83333,0.23333,46512.98
967,12:55:13.010000,0.39542,-0.88721,0.71319,0.86667,-2.86667,0.33333,46513.01
968,12:55:13.040000,0.00483,-1.451,-0.06692,0.96667,-1.23333,0.5,46513.04
969,12:55:13.070000,-1.14875,-1.314,-0.599,1.2,-1.16667,0.43333,46513.07
970,12:55:13.100000,0.34409,-1.36364,0.37209,0.8,-1.43333,0.4,46513.1
971,12:55:13.140000,-0.36552,-1.03558,-0.19151,1.03333,-1.03333,0.36667,46513.14
972,12:55:13.160000,-0.23598,-0.54169,-0.0906,1.16667,-1.06667,0.2,46513.16
973,12:55:13.190000,0.14948,-0.283,-0.27685,0.93333,-1.2,0.1,46513.19
974,12:55:13.230000,0.52993,-0.61338,0.46376,0.96667,-0.83333,0.36667,46513.23
975,12:55:13.260000,0.52993,-0.61338,0.46376,0.96667,-0.83333,0.36667,46513.26
976,12:55:13.290000,1.14478,-0.33339,0.93271,0.53333,-1.03333,0.2,46513.29
977,12:55:13.320000,1.14478,-0.33339,0.93271,0.53333,-1.03333,0.2,46513.32
978,12:55:13.340000,0.34518,-0.04939,0.27487,0.7,-0.36667,0.23333,46513.34
979,12:55:13.380000,-0.46882,-0.21523,0.83877,0.46667,-0.93333,0.06667,46513.38
980,12:55:13.410000,0.94583,-0.37223,2.00515,0.3,-0.6,0.13333,46513.41
981,12:55:13.440000,0.70083,-0.29423,1.3993,0.33333,-0.06667,0.06667,46513.44
982,12:55:13.470000,-0.02517,-0.17623,1.09369,0.26667,0.0,-0.0,46513.47
983,12:55:13.500000,0.25883,-0.07823,1.19338,0.06667,-0.26667,0.06667,46513.5
984,12:55:13.530000,0.25883,-0.07823,1.19338,0.06667,-0.26667,0.06667,46513.53
985,12:55:13.560000,0.76883,-0.40239,0.76709,0.1,0.2,-0.03333,46513.56
986,12:55:13.590000,0.43954,-0.35339,0.5274,0.0,-0.06667,-0.0,46513.59
987,12:55:13.620000,0.55654,-0.21639,0.50239,-0.03333,-0.13333,-0.0,46513.62
988,12:55:13.660000,0.61554,-0.42316,0.21816,0.0,0.1,-0.06667,46513.66
989,12:55:13.690000,0.74354,-0.52116,0.31914,0.03333,0.13333,-0.06667,46513.69
990,12:55:13.720000,0.55654,-0.44216,0.27585,0.0,0.1,-0.03333,46513.72
991,12:55:13.750000,0.58118,-0.27616,0.13491,-0.06667,-0.06667,-0.03333,46513.75
992,12:55:13.780000,0.45318,-0.54251,0.11171,0.03333,0.06667,-0.1,46513.78
993,12:55:13.810000,0.53218,-0.47351,0.30118,0.03333,0.06667,-0.06667,46513.81
994,12:55:13.840000,0.74718,-0.55251,0.18086,0.0,0.0,-0.06667,46513.84
995,12:55:13.870000,0.74718,-0.55251,0.18086,0.0,0.0,-0.06667,46513.87
996,12:55:13.900000,0.47778,-0.33416,0.41351,0.0,0.06667,-0.0,46513.9
997,12:55:13.930000,0.38978,-0.47351,0.16221,-0.06667,0.03333,-0.0,46513.93
998,12:55:13.960000,0.47778,-0.57151,0.15586,0.0,0.03333,-0.03333,46513.96
999,12:55:13.990000,0.38978,-0.39551,0.15558,0.1,0.1,-0.03333,46513.99
1000,12:55:14.020000,0.11141,-0.38551,0.28569,0.0,0.1,-0.0,46514.02
1001,12:55:14.050000,0.21041,-0.57151,0.19149,0.0,0.0,-0.1,46514.05
1002,12:55:14.090000,0.23941,-0.48351,0.27212,0.06667,0.03333,-0.06667,46514.09
1003,12:55:14.120000,0.19041,-0.50251,0.33246,-0.03333,0.0,-0.0,46514.12
1004,12:55:14.150000,0.28841,-0.59151,0.31706,-0.03333,0.0,-0.03333,46514.15
1005,12:55:14.180000,0.21941,-0.44451,0.42881,0.03333,0.03333,-0.1,46514.18
1006,12:55:14.210000,0.32741,-0.34416,0.50763,0.0,0.0,-0.03333,46514.21
1007,12:55:14.240000,0.32741,-0.34416,0.50763,0.0,0.0,-0.03333,46514.24
1008,12:55:14.270000,0.31741,-0.54251,0.30886,-0.03333,-0.03333,-0.1,46514.27
1009,12:55:14.300000,0.30841,-0.42451,0.46919,0.0,0.0,-0.06667,46514.3
1010,12:55:14.330000,0.19041,-0.42451,0.70481,-0.13333,0.03333,-0.0,46514.33
1011,12:55:14.360000,-0.19259,-0.43451,0.28479,-0.13333,0.1,-0.1,46514.36
1012,12:55:14.390000,-0.21159,-0.63051,0.45115,-0.06667,0.0,-0.16667,46514.39
1013,12:55:14.420000,0.18041,-0.54438,0.78563,-0.23333,0.1,-0.1,46514.42
1014,12:55:14.450000,0.05341,-0.50538,0.61624,-0.23333,0.3,-0.1,46514.45
1015,12:55:14.480000,0.06891,-0.82171,1.53679,-0.06667,1.2,-0.16667,46514.48
1016,12:55:14.520000,0.06891,-0.82171,1.53679,-0.06667,1.2,-0.16667,46514.52
1017,12:55:14.550000,0.40558,-1.29271,2.19792,-0.23333,1.63333,-0.13333,46514.55
1018,12:55:14.580000,0.31648,-1.12571,2.28305,-0.26667,2.36667,-0.1,46514.58
1019,12:55:14.610000,-0.25651,-0.73038,1.32833,-0.66667,2.46667,-0.1,46514.61
1020,12:55:14.640000,0.22032,-1.13238,1.3548,-0.83333,2.2,-0.06667,46514.64
1021,12:55:14.670000,1.09836,-1.65471,1.9206,-0.86667,2.56667,0.03333,46514.67
1022,12:55:14.700000,-0.0234,-1.39346,0.4947,-1.1,3.4,0.26667,46514.7
1023,12:55:14.730000,-0.4939,-1.351,-0.08536,-0.96667,3.1,0.36667,46514.73
1024,12:55:14.760000,-0.51961,-1.06169,-0.23976,-0.96667,3.1,0.43333,46514.76
1025,12:55:14.790000,-0.83771,-1.15279,-0.50619,-1.3,3.36667,0.5,46514.79
1026,12:55:14.820000,-0.83771,-1.15279,-0.50619,-1.3,3.36667,0.5,46514.82
1027,12:55:14.850000,-0.83771,-1.15279,-0.50619,-1.3,3.36667,0.5,46514.85
1028,12:55:14.880000,-1.90154,-0.35721,-0.55153,-1.3,2.23333,0.5,46514.88
1029,12:55:14.910000,-1.5276,-0.32842,-0.1921,-1.63333,1.93333,0.56667,46514.91
1030,12:55:14.940000,-2.12922,-0.523,-1.07812,-1.26667,1.93333,0.26667,46514.94
1031,12:55:14.970000,-1.62467,-0.46742,-3.20778,-1.53333,1.3,0.16667,46514.97
1032,12:55:15,-1.5591,-0.40842,-4.26936,-1.66667,1.13333,0.23333,46515.0
1033,12:55:15.040000,-1.40551,-0.53954,-6.25005,-1.2,0.96667,-0.13333,46515.04
1034,12:55:15.060000,-1.40551,-0.53954,-6.25005,-1.2,0.96667,-0.13333,46515.06
1035,12:55:15.110000,-1.16756,-0.16342,-7.56108,-1.16667,0.43333,0.03333,46515.11
1036,12:55:15.150000,-0.4811,-0.05542,-7.24699,-0.93333,0.53333,-0.0,46515.15
1037,12:55:15.170000,-0.99026,0.09158,-7.95509,-0.56667,0.86667,-0.23333,46515.17
1038,12:55:15.200000,-0.55888,-0.00642,-6.71994,-0.63333,0.46667,-0.16667,46515.2
1039,12:55:15.240000,-0.03653,-0.189,-7.15214,-0.46667,0.46667,-0.13333,46515.24
1040,12:55:15.270000,0.13504,0.03069,-7.18731,-0.16667,0.0,-0.13333,46515.27
1041,12:55:15.290000,0.13504,0.03069,-7.18731,-0.16667,0.0,-0.13333,46515.29
1042,12:55:15.320000,0.45804,-0.11631,-7.49631,-0.13333,-0.03333,-0.16667,46515.32
1043,12:55:15.350000,0.22304,0.37758,-6.47467,0.26667,-0.1,-0.1,46515.35
1044,12:55:15.390000,0.57778,-0.01442,-6.26946,0.13333,-0.56667,-0.03333,46515.39
1045,12:55:15.420000,0.42078,-0.07342,-6.63559,0.23333,-0.56667,-0.03333,46515.42
1046,12:55:15.450000,-0.02888,0.08358,-7.19891,0.56667,-0.6,-0.0,46515.45
1047,12:55:15.480000,-0.02888,0.08358,-7.19891,0.56667,-0.6,-0.0,46515.48
1048,12:55:15.510000,0.1269,-0.25942,-6.53026,0.6,-1.8,-0.0,46515.51
1049,12:55:15.540000,-0.22402,-0.23042,-6.02297,0.96667,-1.36667,0.03333,46515.54
1050,12:55:15.570000,-1.25851,0.12258,-3.27223,1.26667,-2.0,-0.1,46515.57
1051,12:55:15.600000,-1.25851,0.12258,-3.27223,1.26667,-2.0,-0.1,46515.6
1052,12:55:15.630000,-0.19896,-1.03342,-0.02625,1.06667,-2.66667,0.13333,46515.63
1053,12:55:15.660000,-0.57657,-0.46542,-0.12827,1.4,-2.73333,0.06667,46515.66
1054,12:55:15.690000,-0.11838,-0.56242,-0.08351,1.0,-2.86667,0.13333,46515.69
1055,12:55:15.720000,-0.11838,-0.56242,-0.08351,1.0,-2.86667,0.13333,46515.72
1056,12:55:15.750000,-0.70817,-1.15636,-0.24533,1.3,-2.13333,0.36667,46515.75
1057,12:55:15.790000,-1.27872,-0.46936,-0.42996,1.53333,-2.16667,0.33333,46515.79
1058,12:55:15.820000,-0.32888,-1.52421,-0.18831,1.06667,-0.73333,0.3,46515.82
1059,12:55:15.850000,-0.32888,-1.52421,-0.18831,1.06667,-0.73333,0.3,46515.85
1060,12:55:15.880000,-0.9368,-0.824,-0.57263,0.9,-2.13333,0.16667,46515.88
1061,12:55:15.910000,-0.3537,-1.128,-0.13366,0.66667,-2.63333,0.16667,46515.91
1062,12:55:15.940000,0.1736,-0.76079,0.59706,1.03333,-2.06667,0.2,46515.94
1063,12:55:15.970000,-0.05563,-0.75158,0.0869,0.8,-1.66667,0.2,46515.97
1064,12:55:16,0.21483,-0.55169,0.01904,0.7,-1.9,0.3,46516.0
1065,12:55:16.030000,0.79509,-0.78669,0.12407,0.66667,-1.9,0.3,46516.03
1066,12:55:16.060000,0.60702,-0.61258,-0.00559,0.9,-1.36667,0.33333,46516.06
1067,12:55:16.090000,0.15811,0.31862,0.00543,0.8,-1.7,0.33333,46516.09
1068,12:55:16.120000,0.99093,0.08549,0.81562,0.6,-1.73333,0.26667,46516.12
1069,12:55:16.160000,1.20378,0.24461,0.37858,0.83333,-0.7,0.4,46516.16
1070,12:55:16.190000,-0.36522,0.49961,-0.1613,0.8,-0.6,0.33333,46516.19
1071,12:55:16.220000,-0.82182,0.85377,-0.04358,0.7,-1.0,0.23333,46516.22
1072,12:55:16.250000,0.95583,-0.00975,0.78543,0.5,-1.06667,0.03333,46516.25
1073,12:55:16.280000,-0.302,0.37225,0.66624,0.56667,-0.53333,0.2,46516.28
1074,12:55:16.310000,-0.214,0.26525,0.91859,0.36667,-0.8,0.1,46516.31
1075,12:55:16.340000,0.51999,-0.30375,1.28435,0.4,-0.5,0.06667,46516.34
1076,12:55:16.370000,0.32275,-0.29375,1.39037,0.46667,-0.13333,0.13333,46516.37
1077,12:55:16.400000,-0.34425,0.01901,1.0466,0.4,-0.06667,0.1,46516.4
1078,12:55:16.430000,0.31275,0.10701,1.14067,0.16667,-0.4,-0.0,46516.43
1079,12:55:16.460000,0.41075,-0.22575,1.04359,0.1,-0.1,-0.0,46516.46
1080,12:55:16.490000,-0.01125,0.11725,0.40203,-0.03333,-0.03333,-0.03333,46516.49
1081,12:55:16.530000,0.38175,-0.21523,0.30832,0.0,-0.06667,-0.06667,46516.53
1082,12:55:16.560000,0.81275,-0.24523,0.41783,0.06667,0.06667,-0.1,46516.56
1083,12:55:16.590000,0.42075,-0.10723,0.14073,-0.03333,0.16667,-0.03333,46516.59
1084,12:55:16.620000,0.42075,-0.10723,0.14073,-0.03333,0.16667,-0.03333,46516.62
1085,12:55:16.650000,0.75499,-0.27423,0.27162,0.0,0.0,-0.06667,46516.65
1086,12:55:16.680000,0.70599,-0.37239,0.29246,0.06667,0.13333,-0.03333,46516.68
1087,12:55:16.710000,0.443,-0.25539,0.2652,0.0,0.13333,-0.03333,46516.71
1088,12:55:16.740000,0.531,-0.42139,0.15966,-0.1,-0.03333,-0.06667,46516.74
1089,12:55:16.770000,0.492,-0.32516,0.18425,0.06667,0.03333,-0.03333,46516.77
1090,12:55:16.800000,0.325,-0.26616,0.2273,0.06667,0.1,-0.03333,46516.8
1091,12:55:16.830000,0.22983,-0.49116,0.34969,0.03333,-0.03333,-0.03333,46516.83
1092,12:55:16.860000,0.22983,-0.49116,0.34969,0.03333,-0.03333,-0.03333,46516.86
1093,12:55:16.890000,0.21983,-0.28516,0.3659,0.0,0.1,-0.0,46516.89
1094,12:55:16.920000,0.10183,-0.42316,0.20036,0.0,0.03333,-0.03333,46516.92
1095,12:55:16.960000,0.27883,-0.52116,0.29405,0.06667,0.03333,-0.06667,46516.96
1096,12:55:16.990000,0.42583,-0.41316,0.42246,0.0,0.0,-0.0,46516.99
1097,12:55:17.020000,0.09283,-0.37416,0.13688,0.0,0.0,-0.03333,46517.02
1098,12:55:17.050000,0.09283,-0.37416,0.13688,0.0,0.0,-0.03333,46517.05
1099,12:55:17.080000,0.35683,-0.49116,0.51043,0.03333,0.03333,-0.0,46517.08
1100,12:55:17.110000,0.35683,-0.49116,0.51043,0.03333,0.03333,-0.0,46517.11
1101,12:55:17.140000,0.14183,-0.46216,0.28646,-0.03333,0.0,-0.03333,46517.14
1102,12:55:17.170000,0.10183,-0.33416,0.14757,0.03333,0.06667,-0.0,46517.17
1103,12:55:17.200000,0.12183,-0.33416,0.48643,0.0,0.03333,-0.03333,46517.2
1104,12:55:17.240000,0.08283,-0.35416,0.3603,-0.06667,-0.03333,-0.06667,46517.24
1105,12:55:17.260000,0.28883,-0.42316,0.49592,0.0,0.06667,-0.03333,46517.26
1106,12:55:17.290000,-0.18846,-0.38551,0.15936,-0.06667,0.06667,-0.06667,46517.29
1107,12:55:17.330000,-0.14946,-0.46351,0.21015,-0.1,0.0,-0.1,46517.33
1108,12:55:17.360000,0.33783,-0.65051,0.49574,-0.06667,0.0,-0.1,46517.36
1109,12:55:17.390000,0.37683,-0.51251,0.38673,-0.06667,0.13333,-0.03333,46517.39
1110,12:55:17.470000,0.07654,-0.43451,0.16463,-0.03333,0.23333,-0.06667,46517.47
1111,12:55:17.500000,-0.07682,-0.51771,0.29091,0.0,0.23333,-0.1,46517.5
1112,12:55:17.520000,-0.16482,-0.58671,0.28731,0.0,0.33333,-0.16667,46517.52
1113,12:55:17.560000,-0.29622,-0.65471,0.4363,-0.03333,0.26667,-0.16667,46517.56
1114,12:55:17.590000,-0.35859,-0.65471,0.90371,-0.13333,0.23333,-0.13333,46517.59
1115,12:55:17.620000,-0.11359,-0.84071,1.29899,-0.16667,0.63333,-0.1,46517.62
1116,12:55:17.650000,-0.30289,-0.93246,1.45385,-0.06667,1.1,-0.13333,46517.65
1117,12:55:17.680000,-1.18489,-0.94246,1.26346,-0.16667,1.43333,-0.23333,46517.68
1118,12:55:17.710000,-0.22142,-1.06946,1.84313,-0.4,1.5,-0.2,46517.71
1119,12:55:17.740000,-0.84551,-0.73371,0.66338,-0.56667,2.73333,-0.16667,46517.74
1120,12:55:17.770000,-0.58368,-0.90971,0.51106,-0.73333,2.46667,-0.2,46517.77
1121,12:55:17.800000,-0.58368,-0.90971,0.51106,-0.73333,2.46667,-0.2,46517.8
1122,12:55:17.830000,0.30006,-0.87346,0.81915,-0.83333,3.3,-0.0,46517.83
1123,12:55:17.860000,0.08142,-0.93558,-0.02743,-0.96667,2.96667,0.1,46517.86
1124,12:55:17.890000,0.36239,-0.832,0.12527,-0.96667,3.03333,0.33333,46517.89
1125,12:55:17.920000,-0.00036,-0.61969,-0.03315,-1.03333,3.16667,0.4,46517.92
1126,12:55:17.950000,-0.68071,-0.39858,-0.45119,-0.96667,3.23333,0.36667,46517.95
1127,12:55:17.980000,-0.20515,-0.77979,-0.15502,-1.13333,2.3,0.26667,46517.98
1128,12:55:18.010000,-0.18738,-0.971,-0.10553,-1.1,2.36667,0.36667,46518.01
1129,12:55:18.040000,-1.55273,-0.25921,-0.24058,-1.13333,2.4,0.46667,46518.04
1130,12:55:18.080000,-1.55273,-0.25921,-0.24058,-1.13333,2.4,0.46667,46518.08
1131,12:55:18.110000,-0.98753,-0.49442,-0.01945,-1.13333,1.56667,0.16667,46518.11
1132,12:55:18.140000,-1.5791,-0.23942,-2.35488,-1.26667,1.43333,0.2,46518.14
1133,12:55:18.170000,-1.5791,-0.23942,-2.35488,-1.26667,1.43333,0.2,46518.17
1134,12:55:18.200000,-0.70851,-0.68431,-3.27441,-0.9,0.9,-0.0,46518.2
1135,12:55:18.230000,-1.24402,-0.28331,-4.28925,-0.9,0.76667,-0.03333,46518.23
1136,12:55:18.260000,-1.24402,-0.28331,-4.28925,-0.9,0.76667,-0.03333,46518.26
1137,12:55:18.290000,-1.24402,-0.28331,-4.28925,-0.9,0.76667,-0.03333,46518.29
1138,12:55:18.320000,-0.83326,-0.09242,-5.98936,-0.73333,0.73333,-0.06667,46518.32
1139,12:55:18.350000,-0.75488,-0.10242,-7.13191,-0.66667,0.5,-0.16667,46518.35
1140,12:55:18.380000,0.06147,0.00964,-6.00368,-0.5,0.2,-0.2,46518.38
1141,12:55:18.410000,-0.18353,0.12764,-6.10833,-0.46667,0.33333,-0.13333,46518.41
1142,12:55:18.440000,0.02778,0.09279,-6.36994,-0.3,0.23333,-0.16667,46518.44
1143,12:55:18.480000,0.01704,0.20979,-6.43407,-0.2,0.03333,-0.2,46518.48
1144,12:55:18.510000,0.39124,0.244,-5.68416,-0.06667,-0.06667,-0.1,46518.51
1145,12:55:18.540000,0.39124,0.244,-5.68416,-0.06667,-0.06667,-0.1,46518.54
1146,12:55:18.570000,0.39124,0.244,-5.68416,-0.06667,-0.06667,-0.1,46518.57
1147,12:55:18.600000,-0.04976,0.166,-6.13488,0.1,-0.03333,-0.13333,46518.6
1148,12:55:18.630000,0.12724,0.077,-5.67975,0.16667,-0.33333,-0.06667,46518.63
1149,12:55:18.660000,0.24424,0.038,-5.66817,0.23333,-0.33333,-0.06667,46518.66
1150,12:55:18.690000,0.20524,0.038,-4.7467,0.46667,-0.4,-0.03333,46518.69
1151,12:55:18.720000,-0.08096,0.342,-5.23894,0.4,-0.56667,-0.0,46518.72
1152,12:55:18.750000,0.21304,0.019,-4.98206,0.33333,-0.63333,-0.03333,46518.75
1153,12:55:18.780000,0.25378,-0.304,-4.70459,0.6,-0.53333,-0.0,46518.78
1154,12:55:18.810000,0.25378,-0.304,-4.70459,0.6,-0.53333,-0.0,46518.81
1155,12:55:18.840000,-0.55826,0.058,-4.14216,0.63333,-1.1,-0.06667,46518.84
1156,12:55:18.870000,0.14644,-0.373,-2.07557,0.73333,-1.5,-0.0,46518.87
1157,12:55:18.900000,-0.67502,-0.304,-1.92574,0.76667,-1.56667,0.06667,46518.9
1158,12:55:18.930000,1.1869,-1.059,0.0962,0.23333,-3.7,0.06667,46518.93
1159,12:55:18.960000,1.1869,-1.059,0.0962,0.23333,-3.7,0.06667,46518.96
1160,12:55:18.990000,0.16327,-0.60221,0.10647,1.03333,-1.93333,0.3,46518.99
1161,12:55:19.020000,0.16327,-0.60221,0.10647,1.03333,-1.93333,0.3,46519.02
1162,12:55:19.060000,-0.45015,-0.55321,-0.23247,0.33333,-3.26667,0.3,46519.06
1163,12:55:19.090000,-0.45015,-0.55321,-0.23247,0.33333,-3.26667,0.3,46519.09
1164,12:55:19.120000,-1.69135,0.13179,-1.00788,1.4,-1.76667,0.3,46519.12
1165,12:55:19.150000,-2.04386,0.29879,-1.22159,1.03333,-2.36667,0.2,46519.15
1166,12:55:19.180000,-0.0297,-0.745,0.06258,1.0,-2.8,0.4,46519.18
1167,12:55:19.210000,-0.4116,-0.392,-0.04934,1.26667,-1.3,0.43333,46519.21
1168,12:55:19.240000,-1.11317,-0.51,-0.77683,0.96667,-1.33333,0.33333,46519.24
1169,12:55:19.270000,0.03936,-0.93679,-0.01765,0.76667,-2.13333,0.43333,46519.27
1170,12:55:19.300000,-0.22617,-1.19764,0.30772,0.9,-1.76667,0.5,46519.3
1171,12:55:19.330000,-0.72852,-0.008,0.07345,0.96667,-1.0,0.4,46519.33
1172,12:55:19.360000,-0.807,0.27354,-0.37098,0.66667,-1.2,0.26667,46519.36
1173,12:55:19.390000,0.16058,-0.50538,0.46547,0.76667,-1.2,0.3,46519.39
1174,12:55:19.430000,0.05891,0.32284,1.01054,1.0,-0.83333,0.33333,46519.43
1175,12:55:19.460000,-0.47007,0.72577,-0.55945,0.26667,-1.13333,-0.0,46519.46
1176,12:55:19.490000,0.46211,-0.85323,0.47833,0.33333,-1.36667,-0.06667,46519.49
1177,12:55:19.520000,0.53218,0.68625,1.4051,0.86667,-0.76667,0.2,46519.52
1178,12:55:19.550000,-0.38982,1.42101,0.52939,0.43333,-0.6,0.1,46519.55
1179,12:55:19.580000,-0.22746,0.21501,-0.00684,0.1,-0.8,-0.0,46519.58
1180,12:55:19.610000,0.786,-0.12799,1.0208,0.66667,-0.86667,-0.0,46519.61
1181,12:55:19.640000,0.159,0.821,0.55414,0.46667,-0.16667,0.13333,46519.64
1182,12:55:19.670000,-0.597,0.164,0.13941,0.3,-0.16667,0.06667,46519.67
1183,12:55:19.700000,-0.145,0.184,0.94595,0.46667,-0.36667,-0.0,46519.7
1184,12:55:19.730000,0.06899,-0.287,0.65336,0.33333,-0.06667,-0.06667,46519.73
1185,12:55:19.770000,0.06899,-0.287,0.65336,0.33333,-0.06667,-0.06667,46519.77
1186,12:55:19.800000,0.30399,-0.15,1.19568,0.23333,0.03333,0.06667,46519.8
1187,12:55:19.830000,0.30399,-0.15,1.19568,0.23333,0.03333,0.06667,46519.83
1188,12:55:19.860000,-0.145,-0.16,0.84485,0.13333,-0.03333,-0.06667,46519.86
1189,12:55:19.890000,0.394,-0.081,1.03198,0.06667,0.13333,-0.0,46519.89
1190,12:55:19.920000,-0.26017,0.135,0.27969,0.0,0.2,-0.0,46519.92
1191,12:55:19.950000,0.03383,-0.25599,0.4627,0.0,-0.2,-0.1,46519.95
1192,12:55:19.980000,0.41583,-0.15799,0.655,0.03333,-0.13333,-0.03333,46519.98
