,Timestamp,AccX,AccY,AccZ,GyroX,GyroY,GyroZ,label
0,11:22:08.88,-8.82298,5.78163,0.22844,0.0,0.03333,-0.0,1
1,11:22:08.94,-8.86198,5.73263,0.23716,0.0,0.0,-0.0,1
2,11:22:09.00,-9.03322,6.05394,0.35738,0.03333,0.0,0.03333,1
3,11:22:09.06,-9.25856,6.12317,0.22659,0.0,0.0,-0.0,1
4,11:22:09.13,-9.01496,6.21117,0.3657,0.0,0.0,-0.0,1
5,11:22:09.19,-8.1466,5.98494,1.03522,0.0,0.23333,-0.0,1
6,11:22:09.26,-7.70535,5.56017,1.08525,-0.03333,1.1,0.06667,1
7,11:22:09.32,-6.74838,4.50752,1.34729,-0.16667,1.43333,0.2,1
8,11:22:09.38,-5.34067,3.40882,1.73859,-0.46667,1.66667,0.36667,1
9,11:22:09.45,-4.39288,1.23231,1.11534,-0.56667,2.3,0.6,1
10,11:22:09.51,-3.62788,1.10764,0.85718,-0.56667,2.3,0.86667,1
11,11:22:09.57,-3.00042,-0.47225,0.11209,-0.96667,2.33333,1.06667,1
12,11:22:09.64,-2.41935,-0.84959,0.09728,-0.86667,2.16667,1.13333,1
13,11:22:09.70,-2.31257,-0.89465,-0.12657,-0.63333,2.1,1.2,1
14,11:22:09.76,-2.19267,-0.92668,-0.07009,-0.6,2.0,1.2,1
15,11:22:09.83,-2.64856,-0.98663,-0.17213,-0.46667,1.83333,1.3,1
16,11:22:09.89,-2.70822,-0.9254,-0.10267,-0.36667,1.8,1.03333,1
17,11:22:09.95,-2.74163,-1.13225,-0.03907,-0.26667,1.4,1.0,1
18,11:22:10.01,-2.91935,-1.2508,-0.52844,-0.26667,1.06667,0.9,1
19,11:22:10.08,-2.98238,-0.95546,-1.3214,-0.2,0.6,0.7,1
20,11:22:10.14,-4.33886,-1.25636,-1.86464,0.0,-0.16667,0.13333,1
21,11:22:10.20,-4.18398,-1.40336,-1.25446,0.13333,-0.46667,-0.1,1
22,11:22:10.26,-4.56988,-1.57286,-0.70217,0.1,-1.0,-0.73333,1
23,11:22:10.33,-3.18602,-1.45688,-0.01924,0.26667,-0.86667,-0.86667,1
24,11:22:10.39,-1.46176,-1.23125,0.06924,0.6,-1.53333,-1.2,1
25,11:22:10.45,-2.65286,-1.6604,-0.29525,0.56667,-2.63333,-1.4,1
26,11:22:10.51,-1.22972,-1.77464,-0.20666,0.93333,-2.2,-1.33333,1
27,11:22:10.58,-0.53339,-1.98991,-0.11302,0.93333,-3.26667,-1.26667,1
28,11:22:10.64,0.33883,-1.50265,0.35435,0.96667,-1.8,-0.96667,1
29,11:22:10.70,1.05432,-1.54907,0.92846,1.1,-2.43333,-0.7,1
30,11:22:10.76,0.34658,-1.61022,0.1037,0.8,-1.93333,-0.53333,1
31,11:22:10.83,0.943,-1.53517,-0.29219,0.83333,-1.53333,-0.56667,1
32,11:22:10.89,1.36738,-1.71601,0.98295,0.66667,-2.56667,-0.1,1
33,11:22:10.95,2.17869,-1.82525,1.56638,0.7,-0.96667,-0.36667,1
34,11:22:11.02,2.088,-2.18661,1.75616,0.53333,-1.2,-0.16667,1
35,11:22:11.08,0.12142,-2.66584,0.04567,0.23333,-0.7,-0.2,1
36,11:22:11.15,0.12,-2.26062,0.13803,0.26667,-0.43333,-0.16667,1
37,11:22:11.21,1.54754,-2.30629,0.83476,0.56667,-0.16667,-0.3,1
38,11:22:11.27,0.90154,-2.48954,0.41294,0.16667,-0.23333,-0.2,1
39,11:22:11.34,1.08342,-1.88842,0.91096,0.03333,0.4,-0.1,1
40,11:22:11.40,1.10242,-2.54542,0.75615,-0.03333,0.23333,-0.06667,1
41,11:22:11.46,0.64531,-2.68654,0.44423,-0.13333,0.03333,0.03333,1
42,11:22:11.52,0.58631,-2.41154,0.19715,0.16667,0.1,-0.0,1
43,11:22:11.59,0.15042,-2.36942,0.2572,0.03333,0.06667,-0.0,1
44,11:22:11.65,0.48442,-2.179,0.2002,0.0,0.06667,-0.0,1
45,11:22:11.72,0.41936,-1.75842,0.11379,0.03333,0.0,-0.0,1
46,11:22:11.78,0.53736,-1.60736,0.17589,-0.03333,0.06667,-0.0,1
47,11:22:11.84,0.03421,-1.314,0.24796,0.0,0.1,-0.0,1
48,11:22:11.90,0.22921,-1.314,0.33475,-0.03333,0.03333,0.03333,1
49,11:22:11.97,0.117,-1.13279,0.24646,0.0,0.06667,-0.0,1
50,11:22:12.03,0.323,-0.94264,0.27794,0.0,0.06667,-0.03333,0
51,11:22:12.09,0.391,-0.83464,0.23799,0.0,0.03333,-0.03333,0
52,11:22:12.16,0.352,-0.64358,0.13775,0.0,0.0,-0.03333,0
53,11:22:12.22,0.421,-0.45758,0.09219,0.0,0.06667,-0.0,0
54,11:22:12.28,0.13179,-0.35469,0.10462,0.03333,0.0,-0.03333,0
55,11:22:12.35,0.37679,-0.36469,0.35765,0.06667,0.03333,-0.0,0
56,11:22:12.41,0.14179,-0.53169,0.26939,0.06667,0.0,-0.0,0
57,11:22:12.47,0.08279,-0.224,0.30111,0.1,0.0,-0.06667,0
58,11:22:12.54,0.20079,-0.41,0.19946,0.0,-0.03333,-0.03333,0
59,11:22:12.60,0.29879,-0.332,0.2424,0.03333,0.03333,-0.0,0
60,11:22:12.67,0.13179,-0.234,0.20665,0.03333,0.0,-0.0,0
61,11:22:12.73,0.21979,-0.322,0.17101,0.03333,0.03333,-0.0,0
62,11:22:12.79,0.21979,-0.322,0.17101,0.03333,0.03333,-0.0,0
63,11:22:12.86,0.25879,-0.21058,0.27589,0.03333,0.03333,-0.0,0
64,11:22:12.92,0.47479,-0.13158,0.31631,0.0,0.0,-0.0,0
65,11:22:12.98,0.31779,-0.24958,0.22521,0.0,0.0,-0.0,0
66,11:22:13.04,0.03864,-0.22958,0.28609,0.06667,0.0,-0.0,0
67,11:22:13.11,0.17664,-0.13158,0.28073,0.03333,0.03333,-0.0,0
68,11:22:13.17,0.12764,-0.17058,0.23458,0.03333,0.0,-0.0,0
69,11:22:13.23,0.21564,-0.16158,0.18874,0.0,0.03333,-0.0,0
70,11:22:13.29,0.13764,-0.17058,0.19568,0.03333,0.0,-0.0,0
71,11:22:13.35,0.25464,-0.12158,0.28379,0.03333,0.0,-0.0,0
72,11:22:13.42,0.13764,-0.24958,0.23461,0.0,0.0,-0.0,0
73,11:22:13.48,0.21564,-0.20058,0.30925,0.03333,0.0,-0.0,0
74,11:22:13.54,0.34264,-0.17058,0.32311,0.0,0.0,-0.0,0
75,11:22:13.61,0.29364,-0.17058,0.24342,0.06667,0.0,-0.0,0
76,11:22:13.67,0.23564,-0.09258,0.2402,0.0,0.0,-0.0,0
77,11:22:13.74,0.28464,-0.14158,0.36446,0.03333,0.0,-0.0,0
78,11:22:13.80,0.06864,-0.13158,0.1114,0.0,0.03333,-0.0,0
79,11:22:13.86,0.27464,-0.17058,0.12637,0.03333,0.0,-0.0,0
80,11:22:13.93,0.27464,-0.10258,0.17662,0.0,0.03333,-0.0,0
81,11:22:13.99,0.29364,-0.17058,0.32988,0.03333,-0.03333,-0.0,0
82,11:22:14.05,0.14664,-0.08258,0.1961,0.0,0.0,-0.0,0
83,11:22:14.12,0.22564,-0.17058,0.24833,0.0,0.0,-0.0,0
84,11:22:14.18,0.44164,-0.15158,0.27979,0.0,0.0,-0.0,0
85,11:22:14.24,0.18664,-0.30858,0.21499,0.0,-0.03333,-0.0,1
86,11:22:14.30,0.33364,-0.20058,0.21019,0.06667,0.06667,-0.0,1
87,11:22:14.37,0.36858,-0.21958,0.36287,0.06667,0.0,-0.0,1
88,11:22:14.43,0.31958,-0.03358,0.40564,0.06667,0.1,-0.0,1
89,11:22:14.49,0.39758,-0.10258,0.82349,0.0,0.36667,-0.0,1
90,11:22:14.55,0.71958,-0.165,1.25929,-0.36667,1.4,0.2,1
91,11:22:14.62,1.04338,-0.37858,2.18361,-0.36667,1.26667,0.1,1
92,11:22:14.68,2.75818,0.509,3.3637,-1.06667,2.8,0.6,1
93,11:22:14.74,2.34302,0.321,2.04672,-1.33333,3.2,1.33333,1
94,11:22:14.81,1.49437,-0.46161,0.98976,-1.4,3.6,1.96667,1
95,11:22:14.87,-0.3569,-0.12022,-0.17963,-1.26667,3.1,2.3,1
96,11:22:14.93,-0.75886,-0.96742,-0.36095,-0.96667,2.6,2.26667,1
97,11:22:15.00,-2.66715,-0.77581,-0.34656,-0.2,2.03333,1.83333,1
98,11:22:15.06,-3.84354,-0.62217,-0.26965,-0.2,1.93333,1.5,1
99,11:22:15.12,-3.96573,-0.79172,-0.03963,-0.1,1.5,1.13333,1
100,11:22:15.18,-4.93863,-0.36825,-2.16536,0.0,0.96667,0.8,1
101,11:22:15.24,-5.29576,-0.4159,-2.59012,0.0,0.73333,0.6,1
102,11:22:15.31,-6.39596,-0.3488,-1.76379,0.03333,-0.1,0.13333,1
103,11:22:15.37,-5.84576,0.0151,-1.05728,0.0,-0.3,-0.06667,1
104,11:22:15.43,-4.66657,0.85775,-1.90558,-0.2,-0.16667,-0.36667,1
105,11:22:15.50,-4.0476,0.80742,-3.00069,0.0,-0.43333,-0.43333,1
106,11:22:15.56,-4.50798,0.6926,-1.52388,0.03333,-0.3,-0.63333,1
107,11:22:15.62,-4.88135,0.66183,-2.01671,0.03333,-0.7,-0.76667,1
108,11:22:15.69,-2.71972,0.77509,-0.07702,0.53333,-3.16667,-1.6,1
109,11:22:15.75,-0.30739,0.77235,-0.06251,1.13333,-1.93333,-1.73333,1
110,11:22:15.81,-0.84058,1.45311,-0.3754,0.96667,-3.0,-1.83333,1
111,11:22:15.88,-0.07678,1.23475,-0.84668,1.23333,-2.8,-1.63333,1
112,11:22:15.94,1.73711,1.21958,0.01091,1.1,-1.93333,-1.26667,1
113,11:22:16.01,0.266,1.17664,-1.18271,0.76667,-2.76667,-1.13333,1
114,11:22:16.07,3.82758,1.01321,2.27053,1.53333,-1.73333,-0.93333,1
115,11:22:16.13,3.91542,1.001,2.12452,1.2,-1.96667,-0.6,1
116,11:22:16.20,1.22354,0.83254,-0.1041,0.6,-1.86667,-0.63333,1
117,11:22:16.26,3.68501,0.73249,1.94026,1.03333,-0.63333,-0.53333,1
118,11:22:16.33,4.19746,0.24461,2.13583,0.33333,-0.7,-0.16667,1
119,11:22:16.39,3.80522,0.57877,1.65274,0.23333,-0.36667,-0.0,1
120,11:22:16.45,2.50222,0.22577,1.07281,0.13333,-0.03333,-0.03333,1
121,11:22:16.52,3.07122,0.64777,1.23525,0.0,0.23333,-0.03333,1
122,11:22:16.58,2.41346,0.44177,0.77786,0.0,0.23333,-0.03333,1
123,11:22:16.65,2.75017,0.42161,0.52935,-0.1,0.3,-0.03333,1
124,11:22:16.71,2.076,0.35184,0.17005,-0.13333,0.16667,-0.0,1
125,11:22:16.77,2.10825,0.27149,0.08383,0.03333,0.4,-0.0,1
126,11:22:16.83,1.49061,0.35049,0.24787,-0.03333,-0.03333,-0.0,1
127,11:22:16.89,1.49749,0.26962,0.11807,-0.1,0.26667,-0.06667,1
128,11:22:16.96,1.49129,-0.05671,0.25316,-0.13333,0.0,-0.03333,1
129,11:22:17.02,1.33154,-0.10846,0.27619,-0.13333,-0.1,-0.0,1
130,11:22:17.08,0.796,0.07442,0.15891,0.0,0.13333,-0.0,1
131,11:22:17.15,1.06531,-0.4,0.19857,0.0,-0.2,-0.0,1
132,11:22:17.21,0.57142,-0.224,0.05601,0.03333,0.06667,-0.03333,1
133,11:22:17.28,0.74742,-0.234,0.13669,0.1,0.03333,-0.0,1
134,11:22:17.34,0.50836,-0.292,0.18022,0.0,0.03333,-0.0,1
135,11:22:17.40,0.44936,-0.184,0.24605,0.06667,0.03333,-0.0,0
136,11:22:17.46,0.15121,-0.253,0.20424,0.0,0.0,-0.03333,0
137,11:22:17.53,0.40521,-0.145,0.45718,0.0,0.03333,-0.0,0
138,11:22:17.59,0.32721,-0.145,0.21313,0.0,0.0,-0.0,0
139,11:22:17.65,0.234,-0.047,0.18671,-0.03333,0.1,-0.0,0
140,11:22:17.72,0.225,-0.165,0.05217,0.03333,0.0,-0.0,0
141,11:22:17.78,0.254,-0.135,0.31113,0.0,0.0,-0.0,0
142,11:22:17.85,0.44,-0.214,0.31611,0.03333,0.03333,-0.0,0
143,11:22:17.91,0.254,-0.32569,0.21606,0.0,0.0,-0.0,0
144,11:22:17.97,0.323,-0.26669,0.22227,0.0,0.0,-0.0,0
145,11:22:18.04,0.529,-0.30569,0.31248,0.0,0.0,-0.0,0
146,11:22:18.10,0.24979,-0.17869,0.25672,0.0,0.0,-0.0,0
147,11:22:18.17,0.16079,-0.18869,0.15716,0.03333,0.06667,-0.0,0
148,11:22:18.23,0.10279,-0.33569,0.28581,0.0,-0.03333,-0.0,0
149,11:22:18.29,0.24979,-0.32569,0.29961,0.0,-0.03333,-0.0,0
150,11:22:18.35,0.52379,-0.37469,0.33769,0.0,0.0,-0.0,0
151,11:22:18.42,0.14179,-0.11969,0.19951,0.06667,0.0,-0.03333,0
152,11:22:18.47,0.31779,-0.27669,0.30785,0.0,0.0,-0.0,0
153,11:22:18.53,0.21979,-0.21769,0.2014,0.0,-0.03333,-0.0,0
154,11:22:18.59,0.18079,-0.23769,0.25031,0.06667,0.03333,-0.0,0
155,11:22:18.66,0.30879,-0.22769,0.23476,0.03333,0.0,-0.0,0
156,11:22:18.72,0.26879,-0.29669,0.29764,0.03333,0.0,-0.03333,0
157,11:22:18.78,0.29879,-0.16869,-0.0332,0.03333,0.1,-0.03333,0
158,11:22:18.85,0.63179,-0.25669,0.42192,0.0,0.0,0.06667,0
159,11:22:18.91,0.26879,-0.19869,0.30773,-0.03333,0.1,0.06667,0
160,11:22:18.97,0.14664,-0.20769,0.27205,0.1,0.0,-0.0,0
161,11:22:19.03,0.12764,-0.21769,0.25322,0.03333,0.0,-0.03333,0
162,11:22:19.10,0.04864,-0.18869,0.28612,0.06667,-0.03333,-0.03333,0
163,11:22:19.16,0.35779,-0.34569,0.31632,0.03333,0.03333,-0.03333,0
164,11:22:19.22,0.26879,-0.008,0.07323,0.0,-0.06667,-0.03333,0
165,11:22:19.29,0.31779,-0.057,0.13821,0.06667,0.0,-0.0,1
166,11:22:19.35,0.26879,-0.116,0.22846,0.03333,-0.03333,-0.03333,1
167,11:22:19.41,0.16079,-0.106,0.12648,0.06667,0.03333,-0.0,1
168,11:22:19.48,0.40679,-0.184,0.40662,0.1,0.0,-0.03333,1
169,11:22:19.54,0.26879,-0.165,0.33991,0.03333,0.06667,-0.0,1
170,11:22:19.60,0.03864,-0.283,0.79495,0.0,0.06667,-0.0,1
171,11:22:19.67,0.69564,-0.273,0.92044,-0.03333,0.4,-0.13333,1
172,11:22:19.73,1.292,0.34131,2.03567,-0.8,2.06667,0.23333,1
173,11:22:19.79,1.71851,0.23921,2.62459,-0.9,2.16667,0.26667,1
174,11:22:19.86,2.26711,0.55069,2.54389,-1.2,3.8,0.73333,1
175,11:22:19.92,1.79319,-0.07462,1.16958,-0.8,3.73333,1.33333,1
176,11:22:19.98,1.33875,-0.60801,0.69052,-0.86667,3.6,1.96667,1
177,11:22:20.05,-0.56481,-1.22389,-0.34385,-0.43333,3.43333,2.23333,1
178,11:22:20.11,-1.92115,-0.83398,-0.37558,-0.4,2.36667,2.26667,1
179,11:22:20.17,-2.95935,-0.73617,-0.25078,-0.06667,1.76667,1.93333,1
180,11:22:20.24,-3.6456,-0.26894,-0.09203,-0.03333,1.5,1.6,1
181,11:22:20.30,-4.94863,-0.18072,-0.04798,0.03333,1.33333,1.3,1
182,11:22:20.37,-5.57122,-0.07325,-0.95874,0.06667,1.0,0.83333,1
183,11:22:20.43,-5.80722,0.1953,-1.32448,0.0,0.36667,0.56667,1
184,11:22:20.49,-5.73896,0.47575,-2.52991,0.0,0.0,0.16667,1
185,11:22:20.55,-5.92376,0.16942,-2.01251,0.0,-0.06667,-0.03333,1
186,11:22:20.61,-5.99957,0.52328,-1.46536,0.0,-0.5,-0.43333,1
187,11:22:20.68,-5.58698,0.3886,-1.28014,-0.06667,-0.53333,-0.93333,1
188,11:22:20.74,-4.81542,0.74419,-1.24565,0.0,-1.66667,-1.66667,1
189,11:22:20.80,-4.65467,0.11922,-1.14807,-0.06667,-2.6,-1.86667,1
190,11:22:20.87,-2.36786,-0.49007,-0.77502,0.2,-3.3,-2.33333,1
191,11:22:20.93,-0.55425,0.835,-0.56862,1.0,-2.0,-2.26667,1
192,11:22:21.00,1.62809,1.70958,0.3161,1.46667,-2.66667,-1.7,1
193,11:22:21.06,3.35511,0.156,0.92401,1.3,-3.46667,-1.7,1
194,11:22:21.12,1.41139,1.893,-0.07951,1.26667,-3.2,-1.16667,1
195,11:22:21.18,5.08069,0.63929,2.06197,1.4,-3.23333,-1.1,1
196,11:22:21.25,4.88842,0.39225,2.37807,1.0,-2.3,-0.56667,1
197,11:22:21.31,5.51462,0.64601,3.01741,1.53333,-1.36667,-0.86667,1
198,11:22:21.37,4.684,0.58482,2.64118,0.4,-1.1,-0.23333,1
199,11:22:21.44,4.38346,0.68382,2.71263,-0.16667,-0.56667,-0.16667,1
200,11:22:21.50,4.11946,0.98782,2.16551,-0.13333,0.33333,-0.1,1
201,11:22:21.57,2.85201,0.654,0.30318,-0.2,0.26667,-0.0,1
202,11:22:21.63,2.20677,0.939,0.00976,-0.2,0.13333,-0.03333,1
203,11:22:21.69,2.58684,0.75525,0.27593,-0.13333,0.1,-0.0,1
204,11:22:21.76,2.49649,0.55877,0.10622,-0.2,-0.13333,-0.03333,1
205,11:22:21.82,1.85429,0.44984,-0.11036,-0.1,-0.1,0.03333,1
206,11:22:21.89,1.76354,0.25384,0.29613,0.03333,0.0,-0.0,1
207,11:22:21.95,1.60654,0.28149,0.30846,-0.16667,-0.06667,-0.06667,1
208,11:22:22.01,1.66142,0.42662,0.19429,-0.1,0.13333,-0.03333,1
209,11:22:22.07,1.639,0.20829,0.0079,0.0,0.0,-0.03333,1
210,11:22:22.14,1.38931,0.27629,0.08172,-0.13333,0.0,-0.0,1
211,11:22:22.20,1.27742,0.34529,0.26181,-0.03333,0.03333,-0.0,1
212,11:22:22.26,1.09636,0.17554,0.08689,-0.06667,0.06667,-0.06667,1
213,11:22:22.32,0.676,-0.21058,0.27906,-0.06667,0.0,-0.03333,1
214,11:22:22.39,0.646,0.01542,0.23313,-0.06667,0.06667,-0.06667,1
215,11:22:22.45,0.636,-0.028,0.23077,-0.06667,0.06667,-0.06667,0
216,11:22:22.51,0.64179,-0.106,0.23136,0.0,0.03333,-0.0,0
217,11:22:22.58,0.41579,0.11,0.07129,0.0,0.0,-0.03333,0
218,11:22:22.64,-0.01036,-0.02169,-0.27411,0.2,-0.06667,0.1,0
219,11:22:22.70,0.61764,-0.06069,0.97144,0.16667,-0.13333,-0.0,0
220,11:22:22.77,0.10358,-0.46269,0.39025,0.0,0.26667,-0.0,0
221,11:22:22.83,0.16769,-0.35958,0.28387,-0.1,0.0,-0.0,0
222,11:22:22.89,-0.01831,0.06242,0.09738,-0.06667,0.0,-0.0,0
223,11:22:22.96,0.31469,-0.34364,0.34112,-0.03333,0.0,0.03333,0
224,11:22:23.02,0.24669,-0.46164,0.25649,-0.1,-0.1,-0.0,0
225,11:22:23.08,-0.06731,-0.11864,-0.06133,0.0,0.0,-0.03333,0
226,11:22:23.15,0.17769,-0.16764,-0.00073,0.0,0.06667,0.03333,0
227,11:22:23.21,-0.07731,-0.09864,0.02558,0.0,-0.2,-0.03333,0
228,11:22:23.27,0.21158,-0.05964,0.19672,0.03333,0.1,-0.0,0
229,11:22:23.33,0.13869,-0.26979,0.20571,0.0,0.0,-0.0,0
230,11:22:23.40,0.02069,-0.30979,0.27717,0.0,-0.06667,-0.03333,0
231,11:22:23.46,0.01069,-0.25079,0.24413,0.03333,0.13333,-0.0,0
232,11:22:23.52,-0.03831,-0.35879,0.23698,0.0,-0.06667,-0.0,0
233,11:22:23.58,-0.13631,-0.26979,0.1485,0.0,0.03333,-0.0,0
234,11:22:23.65,0.26058,-0.33879,0.24476,0.03333,-0.03333,-0.0,0
235,11:22:23.71,0.07358,-0.18179,0.16714,0.0,0.0,-0.0,0
236,11:22:23.78,0.21158,-0.30979,0.30733,0.06667,-0.03333,-0.0,0
237,11:22:23.84,0.15258,-0.18764,0.39318,0.0,-0.03333,-0.0,0
238,11:22:23.90,-0.07342,-0.19664,0.20669,0.0,0.0,-0.0,0
239,11:22:23.97,0.47064,-0.35364,0.2101,0.0,0.0,-0.03333,0
240,11:22:24.03,0.02458,0.21536,-0.00739,0.0,0.03333,-0.0,1
241,11:22:24.09,-0.00442,-0.06964,0.17512,0.16667,0.03333,0.03333,1
242,11:22:24.16,0.13258,-0.38364,0.50164,0.13333,-0.13333,0.03333,1
243,11:22:24.22,0.36264,-0.44264,0.5282,0.13333,0.0,-0.0,1
244,11:22:24.29,0.41164,-0.15358,0.15419,0.03333,0.03333,-0.0,1
245,11:22:24.35,0.41164,-0.03558,-0.03722,0.0,0.03333,-0.03333,1
246,11:22:24.41,0.28958,-0.13358,0.11806,0.1,0.03333,-0.0,1
247,11:22:24.48,0.33858,-0.18258,0.4258,0.0,0.03333,-0.0,1
248,11:22:24.54,0.28958,-0.14358,0.33244,0.06667,0.16667,-0.0,1
249,11:22:24.60,0.32469,-0.08458,0.53027,0.1,0.16667,0.03333,1
250,11:22:24.67,0.33658,0.10531,1.63812,0.36667,1.1,-0.1,1
251,11:22:24.73,1.51438,-0.12969,2.54391,-0.23333,1.1,-0.26667,1
252,11:22:24.80,2.73599,-0.04558,3.77954,-0.36667,2.96667,0.43333,1
253,11:22:24.87,2.547,0.45,3.06673,-0.36667,4.0,1.8,1
254,11:22:24.93,1.6736,-0.34231,1.44777,-0.76667,4.0,2.5,1
255,11:22:25.00,0.30812,-0.19777,0.27504,-0.8,3.26667,2.93333,1
256,11:22:25.06,-1.25288,0.25611,-0.17261,-0.36667,1.96667,2.66667,1
257,11:22:25.12,-3.15742,-0.31291,-0.4712,-0.03333,1.53333,2.3,1
258,11:22:25.19,-3.32354,-0.71263,-0.3672,-0.1,1.7,2.0,1
259,11:22:25.25,-4.35098,-0.4054,-0.34535,0.03333,1.23333,1.43333,1
260,11:22:25.31,-5.81873,-0.29072,-0.05392,0.2,0.8,1.03333,1
261,11:22:25.37,-5.79973,-0.34972,-0.01102,0.2,0.63333,0.73333,1
262,11:22:25.43,-6.48573,-0.41858,-0.03866,0.13333,0.23333,0.3,1
263,11:22:25.50,-5.91035,-0.41872,-0.1797,0.0,-0.06667,-0.13333,1
264,11:22:25.56,-5.11854,0.9676,-0.06559,-0.13333,-0.46667,-0.56667,1
265,11:22:25.63,-4.54042,1.14736,-0.04082,-0.2,-0.7,-0.9,1
266,11:22:25.69,-4.36315,1.25622,-0.0228,-0.03333,-1.43333,-1.36667,1
267,11:22:25.75,-2.41302,0.19502,-0.3718,0.26667,-2.76667,-2.03333,1
268,11:22:25.81,-1.73561,0.48211,-0.67994,0.36667,-2.1,-2.2,1
269,11:22:25.88,0.54228,1.59,-0.0306,0.66667,-2.8,-2.16667,1
270,11:22:25.94,1.92119,0.89638,0.1274,0.63333,-2.53333,-2.06667,1
271,11:22:26.01,3.68435,1.30879,1.0572,0.83333,-2.96667,-1.6,1
272,11:22:26.07,2.81883,2.25336,1.28169,1.06667,-3.0,-1.0,1
273,11:22:26.13,3.94451,1.374,1.91931,0.83333,-3.33333,-0.76667,1
274,11:22:26.20,2.343,1.85429,1.0883,0.76667,-1.83333,-0.5,1
275,11:22:26.26,4.11262,2.28149,2.84886,0.53333,-3.2,-0.0,1
276,11:22:26.32,2.31301,1.16661,0.80643,-0.1,0.66667,-0.2,1
277,11:22:26.38,3.29425,1.26384,0.83383,0.16667,0.0,-0.13333,1
278,11:22:26.45,2.97077,1.21484,1.00067,-0.03333,-0.23333,-0.1,1
279,11:22:26.51,2.87261,1.33284,1.184,0.16667,0.33333,-0.1,1
280,11:22:26.57,2.60449,1.13449,0.62624,-0.06667,-0.06667,-0.03333,1
281,11:22:26.64,2.38662,1.37049,0.31114,-0.03333,0.16667,-0.06667,1
282,11:22:26.70,2.40662,1.01462,0.14613,-0.13333,0.06667,-0.1,1
283,11:22:26.77,2.32529,1.21062,0.00936,0.0,0.06667,-0.03333,1
284,11:22:26.83,2.50229,0.89429,0.1019,-0.06667,0.0,-0.03333,1
285,11:22:26.89,2.12242,0.94329,0.31825,0.03333,0.0,-0.0,1
286,11:22:26.96,1.913,0.40154,0.258,0.0,0.03333,-0.06667,1
287,11:22:27.02,1.79742,0.38842,0.32062,0.0,0.0,-0.03333,1
288,11:22:27.08,1.64536,0.42742,0.14817,0.0,0.1,-0.06667,1
289,11:22:27.15,1.146,0.286,0.21421,0.0,0.0,-0.03333,1
290,11:22:27.21,1.088,0.267,0.12233,0.03333,0.1,-0.06667,0
291,11:22:27.27,1.10279,0.32131,0.31626,0.03333,0.0,-0.03333,0
292,11:22:27.33,0.74564,0.48831,0.39768,0.1,0.03333,-0.03333,0
293,11:22:27.40,0.75464,-0.00169,0.7666,0.03333,-0.13333,-0.03333,0
294,11:22:27.46,0.71669,0.14042,-0.05113,-0.03333,0.5,-0.03333,0
295,11:22:27.52,0.63058,0.12636,0.11677,-0.03333,-0.06667,-0.0,0
296,11:22:27.59,0.39558,-0.34879,0.30335,0.03333,-0.23333,-0.0,0
297,11:22:27.65,0.605,-0.07964,0.53433,0.0,-0.23333,-0.03333,0
298,11:22:27.71,0.63869,-0.14279,0.33054,-0.03333,-0.13333,0.03333,0
299,11:22:27.77,0.55969,-0.20179,0.02392,0.03333,-0.06667,-0.0,0
300,11:22:27.84,0.42269,-0.12279,-0.02457,0.0,0.0,-0.0,0
301,11:22:27.90,0.57969,-0.20179,0.15121,0.03333,0.0,-0.0,0
302,11:22:27.96,0.43269,-0.20179,0.15375,0.03333,0.03333,-0.0,0
303,11:22:28.02,0.42269,-0.20179,0.16252,0.0,0.0,0.03333,0
304,11:22:28.09,0.30469,-0.08379,0.40811,0.06667,-0.1,0.03333,0
305,11:22:28.15,0.43269,-0.25079,0.35883,-0.06667,0.03333,-0.0,0
306,11:22:28.22,0.34469,-0.30979,0.15887,0.0,0.0,-0.0,0
307,11:22:28.28,0.183,-0.05479,0.20928,0.0,0.06667,-0.0,0
308,11:22:28.34,0.458,-0.13279,0.31917,0.0,-0.03333,-0.0,0
309,11:22:28.41,0.233,-0.23079,0.12211,0.03333,0.0,-0.03333,0
310,11:22:28.47,0.35,-0.07379,0.20815,0.0,0.03333,-0.0,0
311,11:22:28.54,0.164,-0.14279,0.14147,0.03333,-0.03333,-0.03333,0
312,11:22:28.60,0.291,0.04421,0.22791,0.06667,0.03333,-0.0,0
313,11:22:28.66,0.35,-0.08379,0.18869,0.03333,0.0,-0.0,0
314,11:22:28.73,0.262,-0.06379,0.22663,0.03333,0.0,-0.0,0
315,11:22:28.79,0.331,0.11221,0.22293,0.03333,0.1,0.03333,0
316,11:22:28.85,0.233,-0.01479,0.25218,0.06667,-0.1,-0.0,0
317,11:22:28.91,0.36,-0.10379,0.29677,0.03333,0.03333,-0.0,0
318,11:22:28.98,0.321,-0.00579,0.16495,0.0,0.0,-0.0,0
319,11:22:29.04,0.282,-0.343,0.19336,0.0,0.0,-0.0,0
320,11:22:29.10,0.183,-0.196,0.24725,0.0,0.0,-0.0,1
321,11:22:29.16,0.497,-0.343,0.36357,-0.03333,0.03333,-0.0,1
322,11:22:29.23,0.203,-0.226,0.03639,0.0,0.03333,-0.0,1
323,11:22:29.29,0.282,-0.255,0.1908,0.03333,0.0,-0.0,1
324,11:22:29.36,0.10158,-0.206,0.14023,0.0,0.0,-0.03333,1
325,11:22:29.42,0.458,-0.167,0.50897,0.1,0.0,-0.03333,1
326,11:22:29.48,0.478,-0.13279,0.65893,0.0,-0.06667,-0.0,1
327,11:22:29.55,0.60158,-0.01479,1.21358,0.03333,0.46667,-0.0,1
328,11:22:29.61,1.63816,-0.03479,2.57922,0.06667,2.56667,0.2,1
329,11:22:29.68,3.31718,0.303,3.49782,-0.16667,3.36667,0.86667,1
330,11:22:29.74,2.27858,0.744,2.66774,-0.53333,3.8,1.26667,1
331,11:22:29.80,0.91728,0.34738,0.71987,-0.73333,3.03333,2.23333,1
332,11:22:29.87,0.07839,-0.214,0.06722,-0.8,3.03333,2.56667,1
333,11:22:29.93,-0.80981,-0.81189,-0.36866,-0.56667,2.56667,2.53333,1
334,11:22:29.99,-3.15715,-0.29752,-0.47023,-0.23333,1.63333,2.2,1
335,11:22:30.06,-4.16938,-0.43763,-0.29503,0.0,1.3,1.53333,1
336,11:22:30.12,-4.25554,-0.14094,-0.21839,0.0,1.06667,1.3,1
337,11:22:30.18,-5.08735,0.3206,-0.06782,0.06667,0.76667,0.8,1
338,11:22:30.24,-5.06735,0.2554,-0.02893,-0.03333,0.63333,0.66667,1
339,11:22:30.30,-5.79298,0.40728,-0.05205,0.03333,-0.16667,0.13333,1
340,11:22:30.37,-5.23186,0.7654,-0.0499,-0.03333,0.26667,-0.06667,1
341,11:22:30.43,-4.31454,1.19183,-0.03197,-0.06667,-0.7,-0.5,1
342,11:22:30.50,-4.44338,0.69525,-0.0385,-0.16667,-0.2,-0.66667,1
343,11:22:30.56,-4.45115,0.93083,-0.18202,0.0,-1.8,-1.26667,1
344,11:22:30.62,-4.20702,0.83048,-0.44887,-0.06667,-3.23333,-1.96667,1
345,11:22:30.69,-2.09425,1.88293,-0.54502,0.46667,-3.33333,-2.53333,1
346,11:22:30.75,1.53883,-0.253,-0.12841,0.86667,-3.83333,-2.2,1
347,11:22:30.81,1.08011,0.36451,-0.87933,1.0,-3.2,-2.0,1
348,11:22:30.88,2.28499,1.06069,0.53964,1.16667,-3.43333,-1.5,1
349,11:22:30.94,3.39779,1.038,0.73721,1.23333,-2.4,-0.7,1
350,11:22:31.00,3.796,0.74742,2.14021,1.3,-1.26667,-0.4,1
351,11:22:31.07,3.46562,0.24042,1.52648,0.8,-1.4,-0.23333,1
352,11:22:31.13,3.17661,1.04129,2.25017,0.8,-1.1,0.03333,1
353,11:22:31.19,2.70525,0.36949,2.75176,0.33333,-0.8,-0.06667,1
354,11:22:31.25,2.72525,0.74384,1.79292,0.33333,0.43333,-0.43333,1
355,11:22:31.32,3.19577,0.83284,1.5464,-0.03333,0.0,-0.0,1
356,11:22:31.38,2.35277,0.38949,1.00152,0.0,0.33333,-0.13333,1
357,11:22:31.44,2.29284,0.57549,0.4754,-0.03333,0.2,-0.03333,1
358,11:22:31.50,2.12584,0.49562,0.37423,-0.03333,0.16667,-0.03333,1
359,11:22:31.57,2.30049,0.57362,0.16726,-0.03333,0.06667,-0.0,1
360,11:22:31.63,2.45562,0.35529,0.12919,-0.06667,0.16667,-0.03333,1
361,11:22:31.69,2.05029,0.46329,0.0904,0.0,0.16667,-0.0,1
362,11:22:31.75,1.95642,0.51854,0.38273,-0.06667,0.23333,-0.03333,1
363,11:22:31.82,1.41831,0.34842,0.30887,-0.1,0.1,-0.0,1
364,11:22:31.88,1.23336,0.169,0.206,0.0,0.0,-0.0,1
365,11:22:31.94,1.029,0.12531,0.32665,-0.03333,0.0,-0.0,1
366,11:22:32.01,1.264,-0.16358,0.25403,-0.03333,0.06667,-0.03333,1
367,11:22:32.07,0.96579,0.13142,-0.09493,-0.1,0.1,-0.03333,1
368,11:22:32.13,0.99479,-0.20664,0.08063,-0.03333,0.0,-0.03333,1
369,11:22:32.20,0.72564,-0.08864,0.1123,-0.03333,0.0,-0.0,1
370,11:22:32.26,0.53964,0.09736,0.15547,-0.03333,0.03333,-0.03333,0
371,11:22:32.32,0.68158,-0.04964,0.38489,0.0,0.0,-0.0,0
372,11:22:32.38,0.55458,0.02421,0.0844,0.0,0.2,-0.06667,0
373,11:22:32.45,0.71669,0.06321,0.22069,0.0,0.0,-0.0,0
374,11:22:32.51,0.51069,0.03421,0.14683,0.03333,-0.03333,-0.0,0
375,11:22:32.57,0.62869,0.01421,0.3258,0.03333,0.06667,0.03333,0
376,11:22:32.63,0.419,-0.18179,0.19007,0.0,-0.03333,-0.0,0
377,11:22:32.70,0.282,-0.03479,0.16996,0.03333,0.0,-0.0,0
378,11:22:32.76,0.468,-0.12279,0.22386,0.0,0.0,-0.0,0
379,11:22:32.83,0.35,-0.24079,0.15541,0.0,0.03333,-0.0,0
380,11:22:32.89,0.389,-0.15279,0.3114,0.03333,0.0,-0.0,0
381,11:22:32.95,0.301,-0.11279,0.23214,0.06667,-0.03333,-0.0,0
382,11:22:33.02,0.262,-0.04479,0.323,0.03333,0.0,-0.0,0
383,11:22:33.08,0.37,-0.07379,0.23021,0.0,-0.03333,-0.03333,0
384,11:22:33.15,0.321,-0.01479,0.29037,0.0,0.0,-0.0,0
385,11:22:33.21,0.164,-0.07379,0.15836,0.0,0.0,-0.0,0
386,11:22:33.27,0.272,-0.11279,0.13225,0.0,0.0,-0.06667,0
387,11:22:33.34,0.36,-0.04479,0.21853,0.0,0.03333,-0.0,0
388,11:22:33.40,0.144,-0.04479,0.09833,0.03333,0.0,-0.03333,0
389,11:22:33.46,0.213,-0.04479,0.29913,0.0,0.0,-0.03333,0
390,11:22:33.52,0.331,-0.06379,0.17615,0.03333,0.0,-0.0,0
391,11:22:33.59,0.252,-0.00579,0.10885,0.03333,-0.03333,-0.03333,0
392,11:22:33.65,0.311,-0.01479,0.22216,0.06667,0.03333,-0.0,0
393,11:22:33.71,0.389,-0.10379,0.22338,0.0,0.0,-0.0,0
394,11:22:33.77,0.076,-0.05479,0.17921,0.03333,0.03333,-0.0,0
395,11:22:33.84,0.272,-0.22079,0.19401,0.03333,-0.03333,-0.0,1
396,11:22:33.90,0.233,-0.17179,0.14955,0.03333,0.0,-0.0,1
397,11:22:33.97,0.144,-0.09379,0.23505,0.1,0.03333,0.03333,1
398,11:22:34.03,0.134,-0.16179,0.1579,0.03333,-0.03333,-0.0,1
399,11:22:34.09,0.233,-0.20179,0.23747,0.03333,0.0,-0.0,1
400,11:22:34.16,0.38,-0.25079,0.28528,0.06667,0.03333,0.03333,1
401,11:22:34.22,0.409,-0.32464,0.32987,0.03333,-0.13333,-0.0,1
402,11:22:34.28,0.409,-0.24564,0.4499,0.16667,0.1,0.06667,1
403,11:22:34.35,1.59158,-0.43264,1.87394,0.36667,0.7,0.16667,1
404,11:22:34.41,1.07051,-0.21258,2.60229,0.33333,2.36667,0.03333,1
405,11:22:34.47,1.74499,0.36031,2.94605,0.06667,2.2,0.53333,1
406,11:22:34.54,2.61148,0.78236,3.63975,-0.66667,3.46667,1.2,1
407,11:22:34.60,2.5466,-0.60731,1.81373,-1.13333,3.43333,2.3,1
408,11:22:34.66,0.50554,-0.76577,0.02172,-1.16667,3.4,2.93333,1
409,11:22:34.72,-0.68972,-0.83307,-0.26188,-0.7,2.43333,2.83333,1
410,11:22:34.79,-2.87342,-0.83652,-0.41391,-0.03333,2.16667,2.46667,1
411,11:22:34.85,-3.51835,-0.92164,-0.19708,0.06667,1.9,2.03333,1
412,11:22:34.91,-4.8126,-0.9934,-0.47705,0.26667,1.56667,1.6,1
413,11:22:34.97,-5.40963,-0.96772,-0.61427,0.5,1.36667,1.13333,1
414,11:22:35.03,-6.82163,-0.47758,-0.36707,0.3,0.66667,0.76667,1
415,11:22:35.10,-5.7436,-0.06558,-0.14107,0.23333,-0.1,0.06667,1
416,11:22:35.16,-5.64598,0.54428,-0.15914,0.06667,-0.06667,-0.23333,1
417,11:22:35.23,-4.57486,1.3596,-0.03267,-0.1,-0.73333,-0.46667,1
418,11:22:35.29,-4.54138,1.09237,-0.00271,-0.3,-0.96667,-0.8,1
419,11:22:35.35,-4.13815,1.55883,-0.14373,-0.13333,-1.06667,-1.0,1
420,11:22:35.42,-3.90988,1.15809,-0.04637,-0.16667,-2.16667,-1.3,1
421,11:22:35.48,-2.47681,1.25402,-0.19793,0.2,-1.9,-1.56667,1
422,11:22:35.55,-0.68125,2.09241,-0.17399,0.53333,-2.16667,-1.8,1
423,11:22:35.61,0.89125,1.83399,-0.03754,0.8,-3.33333,-1.73333,1
424,11:22:35.67,1.027,1.17138,-0.71082,0.86667,-3.43333,-1.8,1
425,11:22:35.73,2.22818,2.69769,0.71304,1.16667,-2.73333,-1.23333,1
426,11:22:35.80,3.57946,0.71079,1.06346,1.23333,-4.06667,-0.8,1
427,11:22:35.86,2.776,0.41521,-0.30689,-0.6,-4.1,-0.5,1
428,11:22:35.92,1.56046,1.89621,0.91384,1.63333,-1.13333,-0.4,1
429,11:22:35.99,4.83207,1.57342,2.62718,1.3,-1.43333,-0.06667,1
430,11:22:36.05,1.47009,1.40762,0.8808,0.76667,-0.43333,-0.16667,1
431,11:22:36.11,3.84565,1.53884,2.31703,0.86667,0.0,0.1,1
432,11:22:36.18,3.88842,0.89277,2.26683,0.6,-0.46667,-0.1,1
433,11:22:36.24,2.81189,1.42225,2.02316,0.13333,0.63333,-0.16667,1
434,11:22:36.31,3.06809,1.23525,1.07603,0.03333,0.26667,-0.0,1
435,11:22:36.37,3.07807,0.95125,0.82486,-0.2,0.3,-0.03333,1
436,11:22:36.43,2.95659,0.83361,0.40338,-0.3,-0.1,-0.03333,1
437,11:22:36.50,2.99222,0.96061,0.15916,-0.06667,0.16667,-0.0,1
438,11:22:36.56,2.67217,0.73384,0.17974,-0.2,0.0,-0.0,1
439,11:22:36.62,1.62825,0.78149,0.29964,-0.06667,0.0,-0.03333,1
440,11:22:36.69,1.58861,0.78962,0.34612,0.0,0.16667,-0.0,1
441,11:22:36.75,1.57649,0.63029,0.19032,-0.06667,0.13333,-0.03333,1
442,11:22:36.81,1.33862,0.78354,0.21317,-0.06667,0.16667,-0.06667,1
443,11:22:36.87,1.12029,0.55442,-0.21397,-0.1,0.03333,-0.1,1
444,11:22:36.93,1.34154,0.424,0.08538,-0.13333,0.13333,-0.16667,1
445,11:22:37.00,1.62554,-0.02169,0.02174,-0.03333,0.06667,-0.03333,0
446,11:22:37.06,1.23042,0.24331,0.32131,-0.1,0.03333,-0.06667,0
447,11:22:37.13,0.835,0.20942,0.22652,0.0,0.03333,-0.0,0
448,11:22:37.19,0.77131,-0.05558,0.47338,0.0,0.03333,-0.03333,0
449,11:22:37.25,0.52731,-0.04558,0.31714,0.0,0.03333,-0.03333,0
450,11:22:37.31,0.39542,0.14042,0.33729,0.03333,0.06667,-0.0,0
451,11:22:37.38,0.52242,-0.01064,0.26702,0.03333,-0.03333,-0.03333,0
452,11:22:37.45,0.51836,0.04836,0.35557,0.13333,0.0,0.03333,0
453,11:22:37.50,0.50836,-0.05964,0.33901,0.06667,-0.06667,0.03333,0
454,11:22:37.57,0.46836,0.05836,0.2267,0.1,-0.03333,0.03333,0
455,11:22:37.63,0.44521,-0.03964,0.01723,0.1,0.0,-0.0,0
456,11:22:37.69,0.39621,-0.02064,0.10411,0.1,0.0,0.06667,0
457,11:22:37.76,0.21921,0.07242,0.19265,0.13333,-0.03333,0.03333,0
458,11:22:37.82,0.25821,-0.07458,0.31791,0.1,-0.06667,0.03333,0
459,11:22:37.88,0.166,0.01342,0.21655,0.1,0.03333,-0.0,0
460,11:22:37.94,0.244,-0.11458,0.28288,0.03333,0.0,0.06667,0
461,11:22:38.01,-0.088,-0.14358,0.10694,0.03333,0.03333,0.1,0
462,11:22:38.07,-0.265,0.13142,0.02696,0.43333,0.23333,-0.06667,0
463,11:22:38.13,0.25879,-0.19869,0.59974,0.13333,0.0,-0.03333,0
464,11:22:38.19,0.32779,-0.27158,0.34225,-0.03333,0.06667,0.03333,0
465,11:22:38.26,0.13179,-0.24158,0.06932,-0.13333,0.0,-0.0,0
466,11:22:38.32,0.14179,-0.19258,0.29966,-0.03333,-0.03333,-0.0,0
467,11:22:38.39,0.13179,-0.25158,0.28464,-0.03333,0.0,-0.0,0
468,11:22:38.45,0.11179,-0.25158,0.29302,-0.03333,0.0,-0.0,0
469,11:22:38.51,0.12179,-0.38364,0.18414,0.0,0.03333,-0.0,0
470,11:22:38.58,0.06279,-0.21664,0.16213,0.0,0.0,-0.0,0
471,11:22:38.64,0.26879,-0.37364,0.22744,0.0,0.03333,-0.03333,0
472,11:22:38.70,0.22979,-0.21664,0.24499,0.03333,0.0,-0.03333,0
473,11:22:38.77,0.18079,-0.22158,0.29296,0.0,0.03333,-0.0,0
474,11:22:38.83,-0.09421,-0.02558,0.03103,0.03333,0.0,-0.0,0
475,11:22:38.89,0.17079,-0.22158,0.29263,0.1,-0.03333,-0.06667,1
476,11:22:38.96,0.38679,-0.05558,0.31145,0.06667,0.1,-0.03333,1
477,11:22:39.02,0.35779,-0.26158,0.16747,0.0,0.03333,-0.1,1
478,11:22:39.08,0.16664,-0.19258,0.18129,0.03333,0.13333,-0.06667,1
479,11:22:39.15,0.09764,-0.32058,0.34338,0.0,0.13333,-0.1,1
480,11:22:39.21,0.28464,-0.16358,0.66214,0.06667,0.06667,-0.0,1
481,11:22:39.27,0.44658,-0.45758,0.83296,0.1,0.23333,-0.0,1
482,11:22:39.34,0.83469,-0.62969,1.76316,0.16667,0.6,0.16667,1
483,11:22:39.40,2.07571,-0.60069,3.0729,-0.26667,2.5,-0.06667,1
484,11:22:39.46,2.52441,0.09142,2.87989,-0.1,3.26667,0.7,1
485,11:22:39.53,2.41548,0.10221,2.84878,-0.56667,3.83333,1.13333,1
486,11:22:39.59,0.9904,0.28569,0.88993,-0.73333,3.36667,2.0,1
487,11:22:39.65,0.8182,-0.24162,0.40207,-0.63333,2.73333,2.16667,1
488,11:22:39.72,-1.01372,-0.25059,-0.33002,-0.43333,2.1,2.46667,1
489,11:22:39.78,-1.83315,-0.53652,-0.30836,-0.26667,1.93333,2.36667,1
490,11:22:39.84,-2.86786,-0.12578,-0.16204,0.06667,1.6,1.8,1
491,11:22:39.91,-4.51473,0.19937,-0.13251,0.0,1.26667,1.46667,1
492,11:22:39.97,-4.45057,-0.0324,-0.04948,0.16667,1.16667,0.9,1
493,11:22:40.04,-4.59976,0.25028,-0.58026,0.06667,0.76667,0.73333,1
494,11:22:40.10,-5.60196,0.13028,-0.57761,0.13333,0.76667,0.5,1
495,11:22:40.16,-6.59296,-0.00672,-0.28674,0.0,0.36667,-0.06667,1
496,11:22:40.22,-6.19996,0.6174,-0.60168,0.0,-0.16667,-0.46667,1
497,11:22:40.29,-3.83063,0.87906,-0.29976,-0.13333,-0.3,-0.7,1
498,11:22:40.35,-3.8516,0.77383,-0.7294,-0.26667,-0.96667,-1.0,1
499,11:22:40.41,-4.99835,0.86049,-0.06724,-0.26667,-1.6,-1.56667,1
500,11:22:40.47,-1.99088,0.55258,-0.16704,-0.13333,-2.56667,-1.76667,1
501,11:22:40.54,-1.20636,0.86741,-0.33576,-0.13333,-4.4,-2.33333,1
502,11:22:40.60,-0.02372,1.30275,-0.35973,0.23333,-3.86667,-2.16667,1
503,11:22:40.66,2.09802,1.36346,0.36885,0.83333,-2.96667,-1.63333,1
504,11:22:40.72,2.63578,1.01558,0.09197,0.93333,-2.63333,-1.23333,1
505,11:22:40.79,4.49351,1.107,1.56578,1.03333,-2.9,-1.2,1
506,11:22:40.85,3.61864,1.02242,1.14195,0.6,-3.43333,-0.2,1
507,11:22:40.91,3.32942,1.16142,1.22296,1.33333,-0.7,-0.5,1
508,11:22:40.98,3.88261,0.66162,2.01619,1.2,-1.13333,-0.26667,1
509,11:22:41.04,3.38101,0.23561,2.01826,0.5,-0.7,-0.13333,1
510,11:22:41.10,3.36,1.66725,3.22979,0.23333,0.03333,-0.13333,1
511,11:22:41.17,3.05801,0.35377,2.00049,0.03333,0.0,-0.03333,1
512,11:22:41.23,1.62777,0.78477,-0.08592,-0.3,0.03333,-0.03333,1
513,11:22:41.30,2.19677,0.73561,-0.2738,0.03333,0.1,-0.16667,1
514,11:22:41.36,3.18484,0.41084,0.35756,0.1,0.0,-0.03333,1
515,11:22:41.42,2.81049,0.50884,0.58864,-0.2,-0.1,0.06667,1
516,11:22:41.48,1.95562,0.50749,0.1744,0.03333,0.1,0.13333,1
517,11:22:41.55,1.85429,0.55649,0.26834,-0.03333,-0.03333,0.1,1
518,11:22:41.61,1.13242,0.25962,0.40718,-0.03333,0.0,-0.0,1
519,11:22:41.68,1.47731,-0.09571,0.45923,-0.03333,0.16667,-0.0,1
520,11:22:41.74,0.45936,-0.16746,0.06164,-0.1,0.0,-0.03333,1
521,11:22:41.80,0.12221,0.15242,-0.16857,-0.1,0.2,-0.13333,1
522,11:22:41.87,0.784,-0.35758,0.79369,0.06667,-0.16667,-0.13333,1
523,11:22:41.93,0.734,-0.361,0.02092,-0.2,0.26667,-0.13333,1
524,11:22:42.00,0.42579,-0.10969,-0.17669,0.0,-0.03333,0.06667,1
525,11:22:42.06,0.46479,-0.12969,0.17661,0.1,0.0,-0.0,0
526,11:22:42.12,0.43579,0.01731,0.3785,0.03333,0.06667,0.03333,0
527,11:22:42.18,0.57864,-0.15869,0.35524,0.0,0.0,-0.06667,0
528,11:22:42.24,0.56864,-0.09069,0.32946,0.0,0.03333,-0.03333,0
529,11:22:42.31,0.44164,-0.20258,0.17956,0.0,0.13333,-0.03333,0
530,11:22:42.37,0.40164,-0.27158,0.42391,0.0,-0.03333,-0.0,0
531,11:22:42.43,0.31364,-0.08458,0.73778,-0.06667,0.0,0.06667,0
532,11:22:42.50,-0.04342,-0.16358,0.0404,-0.03333,-0.03333,-0.0,0
533,11:22:42.56,0.06458,-0.28564,-0.34601,-0.06667,-0.03333,-0.03333,0
534,11:22:42.63,0.73564,-0.20664,0.00283,0.06667,-0.03333,-0.03333,0
535,11:22:42.69,0.67664,-0.31464,0.1864,0.0,-0.03333,-0.03333,0
536,11:22:42.75,0.12258,-0.27564,0.13408,0.0,0.1,-0.03333,0
537,11:22:42.81,0.27958,-0.27564,0.16396,0.03333,0.0,-0.03333,0
538,11:22:42.88,0.21158,-0.38364,0.27291,0.0,0.0,-0.03333,0
539,11:22:42.94,0.29958,-0.31464,0.36191,0.0,0.0,-0.0,0
540,11:22:43.01,0.11358,-0.41264,0.22997,0.0,0.03333,-0.03333,0
541,11:22:43.07,0.35858,-0.25564,0.19888,0.06667,0.03333,-0.0,0
542,11:22:43.13,0.29958,-0.22664,0.13396,0.0,0.0,-0.03333,0
543,11:22:43.20,0.31958,-0.41264,0.32156,0.03333,0.0,-0.03333,0
544,11:22:43.26,0.14258,-0.17258,0.23687,0.03333,0.03333,-0.0,0
545,11:22:43.33,0.06458,-0.08458,0.22673,0.03333,0.0,-0.03333,0
546,11:22:43.39,0.20158,-0.20258,0.24281,0.0,0.03333,-0.03333,0
547,11:22:43.45,0.32858,-0.07458,0.2542,0.0,-0.03333,-0.03333,0
548,11:22:43.52,0.22058,-0.16764,0.10494,0.0,0.03333,-0.0,0
549,11:22:43.58,0.47558,-0.28564,0.35632,0.03333,-0.03333,-0.0,0
550,11:22:43.64,0.19158,-0.21664,0.13522,0.0,0.03333,-0.0,0
551,11:22:43.70,0.37758,-0.29464,0.31851,0.03333,0.03333,0.03333,0
552,11:22:43.76,0.21158,-0.28564,0.06241,0.03333,0.0,-0.0,0
553,11:22:43.83,0.43658,-0.13358,0.49913,0.03333,0.0,0.03333,0
554,11:22:43.89,0.10358,-0.12358,0.21148,0.0,0.0,-0.0,0
555,11:22:43.95,0.40758,-0.04558,0.28798,0.06667,0.0,-0.0,1
556,11:22:44.01,0.25058,-0.17258,0.10771,0.03333,0.0,-0.0,1
557,11:22:44.08,0.35858,-0.11458,0.37474,0.1,-0.03333,-0.0,1
558,11:22:44.14,0.32858,-0.26158,0.51836,0.06667,0.06667,0.06667,1
559,11:22:44.21,0.65258,-0.35958,0.786,0.1,0.16667,0.13333,1
560,11:22:44.27,0.321,-0.12358,0.4044,0.36667,0.56667,0.7,1
561,11:22:44.33,0.29758,0.19431,1.39788,0.2,-0.23333,0.36667,1
562,11:22:44.40,0.55338,-0.19869,1.19635,0.03333,1.36667,0.3,1
563,11:22:44.46,1.58739,0.33131,2.34216,0.03333,1.56667,0.4,1
564,11:22:44.52,1.30841,0.11636,1.59856,-0.43333,2.46667,0.76667,1
565,11:22:44.59,2.19602,0.048,2.02747,-0.4,3.13333,1.2,1
566,11:22:44.65,1.28837,0.25569,0.98117,-0.73333,2.63333,1.73333,1
567,11:22:44.71,0.6463,-0.31461,0.14873,-0.9,2.06667,2.2,1
568,11:22:44.78,-0.19188,-0.36082,-0.26807,-0.73333,1.96667,2.23333,1
569,11:22:44.84,-0.75971,-0.11442,-0.16151,-0.36667,1.76667,2.2,1
570,11:22:44.90,-2.47317,-0.15591,-0.36064,-0.2,1.3,1.96667,1
571,11:22:44.97,-3.93188,-0.42164,-0.48433,0.0,1.5,1.56667,1
572,11:22:45.03,-4.20367,-0.49394,-0.35602,0.06667,1.1,1.06667,1
573,11:22:45.09,-4.53138,-0.0096,-0.20043,0.0,1.03333,0.76667,1
574,11:22:45.15,-5.27086,-0.0396,-0.20039,-0.03333,0.6,0.36667,1
575,11:22:45.21,-5.39886,-0.1666,-0.12615,-0.03333,-0.26667,-0.03333,1
576,11:22:45.28,-4.77738,0.60383,-0.15669,-0.03333,-0.36667,-0.56667,1
577,11:22:45.34,-3.31415,0.86336,-0.07333,-0.06667,-0.53333,-0.86667,1
578,11:22:45.40,-3.06688,1.11332,-0.11107,-0.1,-1.86667,-1.3,1
579,11:22:45.47,-2.42572,0.78148,-0.19718,0.03333,-1.56667,-1.36667,1
580,11:22:45.53,-0.77988,0.68811,-0.19447,0.03333,-2.36667,-1.66667,1
581,11:22:45.59,-2.10558,1.86078,-0.75378,0.03333,-3.13333,-1.5,1
582,11:22:45.66,0.92019,0.58,-0.36702,0.63333,-1.4,-1.43333,1
583,11:22:45.72,2.08011,0.84551,0.375,1.16667,-3.5,-1.23333,1
584,11:22:45.78,4.03923,0.262,1.01825,1.2,-3.13333,-0.96667,1
585,11:22:45.85,1.92558,0.91679,0.29569,1.33333,-2.0,-0.73333,1
586,11:22:45.91,2.24979,0.84542,1.0226,1.8,-0.86667,-0.4,1
587,11:22:45.97,3.51836,0.99229,1.67433,1.26667,-1.26667,-0.23333,1
588,11:22:46.04,2.77042,0.79461,2.55656,0.36667,-1.03333,-0.16667,1
589,11:22:46.10,2.67829,0.71561,2.21316,0.26667,-0.36667,-0.2,1
590,11:22:46.16,3.10262,0.59761,2.05743,0.3,-0.2,-0.4,1
591,11:22:46.23,2.93849,0.74577,1.7878,0.03333,0.0,-0.13333,1
592,11:22:46.29,2.28862,0.57877,1.17729,0.06667,0.4,-0.2,1
593,11:22:46.35,1.85429,0.61761,0.65762,-0.16667,-0.16667,-0.0,1
594,11:22:46.42,2.07029,0.55784,0.41479,-0.13333,0.2,-0.06667,1
595,11:22:46.48,2.16554,0.35949,0.08653,-0.03333,0.0,-0.06667,1
596,11:22:46.55,1.756,0.41662,0.14848,-0.16667,0.1,-0.06667,1
597,11:22:46.61,1.39931,0.36529,0.10173,0.0,0.06667,-0.03333,1
598,11:22:46.67,1.43442,0.49229,0.34781,-0.16667,0.0,-0.06667,1
599,11:22:46.74,1.20921,0.34254,0.27048,-0.16667,-0.03333,-0.03333,1
600,11:22:46.80,0.95,0.021,0.05782,0.0,0.26667,-0.13333,1
601,11:22:46.87,0.96579,0.09631,0.10803,-0.1,-0.1,-0.0,1
602,11:22:46.93,0.80879,-0.06069,-0.01423,0.0,0.03333,-0.06667,1
603,11:22:46.99,1.00964,-0.13358,0.03241,0.06667,0.0,-0.03333,1
604,11:22:47.06,0.91164,-0.18258,0.32074,0.03333,0.0,-0.03333,1
605,11:22:47.12,0.63258,-0.24158,0.25458,0.1,0.1,-0.03333,0
606,11:22:47.19,0.55458,-0.25158,0.30505,0.0,0.06667,-0.0,0
607,11:22:47.25,0.22669,-0.26158,0.18448,0.03333,0.0,-0.03333,0
608,11:22:47.31,0.59969,-0.11969,0.39951,0.0,0.1,-0.03333,0
609,11:22:47.38,0.644,-0.20769,0.37673,0.06667,0.16667,-0.03333,0
610,11:22:47.44,0.448,-0.02169,0.22159,0.0,0.0,0.03333,0
611,11:22:47.51,0.22858,-0.06069,0.11254,0.03333,0.1,-0.03333,0
612,11:22:47.57,0.42458,-0.08069,0.35043,0.0,-0.03333,-0.0,0
613,11:22:47.63,0.23858,-0.04169,0.22793,0.0,0.0,-0.0,0
614,11:22:47.70,0.37558,-0.17258,0.21444,0.0,0.0,-0.0,0
615,11:22:47.76,0.52258,-0.14358,0.43393,-0.06667,0.03333,-0.0,0
616,11:22:47.82,0.26758,-0.04558,0.35558,0.16667,-0.03333,0.06667,0
617,11:22:47.89,0.26758,-0.30058,0.47768,0.0,-0.3,0.16667,0
618,11:22:47.95,0.066,-0.05558,-0.06033,0.03333,-0.1,0.03333,0
619,11:22:48.01,0.37,-0.21258,0.07921,0.06667,0.0,0.03333,0
620,11:22:48.08,0.57969,-0.28058,0.09892,0.0,-0.2,-0.0,0
621,11:22:48.14,0.78569,-0.40858,0.35582,0.03333,-0.1,-0.0,0
622,11:22:48.20,0.56969,-0.43758,0.49397,0.0,-0.13333,-0.0,0
623,11:22:48.26,0.11869,-0.32958,0.05554,-0.03333,0.1,-0.03333,0
624,11:22:48.32,0.34469,-0.35958,0.26141,0.0,-0.06667,-0.06667,0
625,11:22:48.38,0.38369,-0.12358,0.37436,0.0,0.0,-0.0,0
626,11:22:48.45,0.42269,-0.13358,0.24309,0.0,-0.03333,-0.1,0
627,11:22:48.51,0.37369,-0.06558,0.08907,0.0,0.1,-0.06667,0
628,11:22:48.58,0.37,-0.25564,0.1866,0.0,0.0,-0.03333,0
629,11:22:48.64,0.242,-0.30464,0.25187,0.0,0.06667,-0.03333,0
630,11:22:48.70,0.321,-0.30464,0.30864,0.0,0.0,-0.0,0
631,11:22:48.76,0.233,-0.31464,0.2614,0.03333,0.0,-0.0,0
632,11:22:48.83,0.213,-0.45164,0.36521,-0.03333,0.0,-0.0,0
633,11:22:48.89,0.105,-0.22664,0.1952,0.03333,-0.03333,-0.06667,0
634,11:22:48.96,0.664,-0.00064,-0.01619,0.03333,0.13333,-0.03333,0
635,11:22:49.02,0.419,0.00936,0.31527,0.03333,0.0,-0.0,1
636,11:22:49.08,0.213,-0.40264,0.18754,0.03333,0.03333,-0.0,1
637,11:22:49.15,0.027,-0.38364,0.26623,0.0,0.0,-0.0,1
638,11:22:49.21,0.164,-0.12358,0.12699,0.1,0.1,-0.0,1
639,11:22:49.28,0.154,-0.24158,0.4246,0.1,-0.06667,-0.0,1
640,11:22:49.34,0.262,0.00342,0.63299,0.1,0.06667,-0.0,1
641,11:22:49.40,2.28858,-0.40469,2.25225,0.13333,0.96667,-0.1,1
642,11:22:49.47,0.30223,0.24331,0.69936,-0.13333,2.33333,0.2,1
643,11:22:49.53,2.00218,0.48442,2.30879,-0.63333,1.53333,0.33333,1
644,11:22:49.59,1.45311,-0.157,1.33418,-0.66667,2.33333,0.43333,1
645,11:22:49.66,3.14448,0.73979,2.48825,-0.5,2.23333,0.86667,1
646,11:22:49.72,2.65137,0.242,1.36599,-0.5,2.8,1.46667,1
647,11:22:49.78,1.89775,0.35451,1.0458,-0.5,3.03333,1.96667,1
648,11:22:49.84,-0.21035,0.15454,-0.14084,-0.3,2.43333,2.36667,1
649,11:22:49.91,-1.67917,0.24611,-0.28753,-0.1,1.83333,2.16667,1
650,11:22:49.97,-2.45767,-0.13052,-0.24434,0.2,1.6,1.86667,1
651,11:22:50.03,-3.06942,0.16232,-0.19226,0.1,1.2,1.7,1
652,11:22:50.09,-3.82454,0.07836,-0.05014,0.26667,1.1,1.16667,1
653,11:22:50.16,-4.02054,0.52825,-0.12242,0.3,1.0,0.76667,1
654,11:22:50.22,-5.04954,0.83225,-0.14072,0.2,0.3,0.46667,1
655,11:22:50.28,-4.68754,0.45025,-0.09755,0.0,0.63333,0.33333,1
656,11:22:50.35,-6.04054,-0.66775,-0.01477,-0.1,-0.36667,-0.1,1
657,11:22:50.41,-4.08942,1.86219,-0.04723,-0.1,-0.73333,-0.8,1
658,11:22:50.47,-2.46115,2.09432,0.01085,-0.33333,-0.46667,-0.73333,1
659,11:22:50.53,-3.04688,1.762,-0.07645,-0.4,-1.8,-1.16667,1
660,11:22:50.60,-1.91677,2.11702,-0.00671,-0.26667,-1.86667,-1.16667,1
661,11:22:50.66,-1.11761,1.76711,-0.20917,0.03333,-2.93333,-1.53333,1
662,11:22:50.72,-1.36772,1.40954,-0.81277,0.26667,-2.7,-1.86667,1
663,11:22:50.79,0.17132,0.95023,-1.05537,0.53333,-4.26667,-1.73333,1
664,11:22:50.85,1.82841,1.16371,-0.74169,1.1,-3.8,-1.46667,1
665,11:22:50.92,3.31838,-0.81131,-0.1122,1.3,-4.0,-1.33333,1
666,11:22:50.98,2.92621,0.77236,0.64468,1.46667,-2.1,-1.06667,1
667,11:22:51.04,5.29042,0.737,3.0382,1.76667,-1.93333,-0.5,1
668,11:22:51.11,5.21561,1.08549,4.10546,1.06667,-0.53333,-0.23333,1
669,11:22:51.17,3.32361,1.12684,3.11075,0.1,-0.86667,-0.03333,1
670,11:22:51.23,2.70577,1.23561,2.5846,0.06667,0.6,-0.03333,1
671,11:22:51.30,3.41161,0.69484,1.32277,-0.06667,0.03333,-0.03333,1
672,11:22:51.36,2.53784,0.96984,0.89392,-0.03333,0.4,-0.03333,1
673,11:22:51.42,2.54362,0.94662,0.16248,-0.06667,0.06667,-0.0,1
674,11:22:51.49,2.28354,0.66929,-0.08312,-0.23333,-0.06667,-0.0,1
675,11:22:51.55,2.11342,1.07754,-0.137,-0.03333,0.26667,-0.0,1
676,11:22:51.61,1.58531,0.55442,0.69998,0.03333,-0.1,0.1,1
677,11:22:51.67,1.28131,0.58442,0.87369,-0.1,-0.03333,0.06667,1
678,11:22:51.74,1.42442,0.19431,0.19655,-0.16667,0.16667,-0.03333,1
679,11:22:51.80,1.91442,0.34642,-0.10476,-0.16667,-0.06667,-0.0,1
680,11:22:51.86,1.75742,0.38642,-0.31942,0.0,0.0,0.06667,1
681,11:22:51.93,1.54736,0.18536,-0.11266,0.03333,-0.16667,-0.0,1
682,11:22:51.99,1.59636,0.26436,0.24978,-0.03333,0.03333,-0.0,1
683,11:22:52.05,1.47936,0.28336,0.05258,0.03333,0.0,-0.03333,1
684,11:22:52.12,1.34721,0.36136,0.22164,0.0,0.1,-0.0,1
685,11:22:52.18,1.333,0.03421,0.25037,0.0,0.0,-0.0,0
686,11:22:52.24,1.519,0.19921,0.30423,-0.03333,0.13333,-0.0,0
687,11:22:52.30,0.82779,0.34721,0.21335,0.0,0.0,0.06667,0
688,11:22:52.37,0.68664,0.077,0.3705,0.03333,0.16667,-0.0,0
689,11:22:52.43,0.78958,0.058,0.5165,0.1,-0.13333,0.1,0
690,11:22:52.50,1.19158,-0.157,0.79153,0.06667,-0.03333,-0.0,0
691,11:22:52.56,0.45269,0.077,-0.13174,-0.1,0.16667,-0.0,0
692,11:22:52.62,0.86369,-0.00521,0.03152,-0.06667,0.06667,-0.03333,0
693,11:22:52.68,0.399,-0.01521,0.05776,-0.03333,-0.1,-0.0,0
694,11:22:52.74,0.115,0.09279,-0.06862,0.03333,0.03333,0.06667,0
695,11:22:52.81,0.66769,0.12179,0.27567,0.03333,-0.06667,-0.0,0
696,11:22:52.87,0.419,-0.20636,0.09835,0.06667,0.03333,-0.0,0
697,11:22:52.94,0.282,0.29879,0.23681,0.0,0.0,0.03333,0
698,11:22:53.00,0.125,-0.00036,0.08017,0.03333,0.0,-0.03333,0
699,11:22:53.06,0.497,0.16664,0.33196,0.0,0.03333,-0.03333,0
700,11:22:53.13,0.537,0.07864,0.19906,0.0,0.0,-0.0,0
701,11:22:53.19,0.19958,0.12764,0.19863,0.0,0.03333,-0.0,0
702,11:22:53.25,0.32658,0.06864,0.24138,0.03333,0.0,-0.0,0
703,11:22:53.32,0.46458,0.11764,0.3003,0.0,0.0,-0.03333,0
704,11:22:53.38,0.21858,0.11764,0.26828,0.0,0.06667,-0.0,0
705,11:22:53.45,0.30758,0.16664,0.11782,0.0,0.03333,-0.03333,0
706,11:22:53.51,0.33346,-0.07342,0.00865,0.1,0.06667,-0.03333,0
707,11:22:53.58,0.37246,-0.21636,0.38829,0.13333,-0.06667,-0.0,0
708,11:22:53.64,-0.44429,0.42164,-0.31769,0.0,0.6,-0.0,0
709,11:22:53.70,0.07238,-0.38742,0.11715,0.13333,-0.53333,-0.03333,0
710,11:22:53.76,0.11471,-0.08836,0.19605,0.03333,0.16667,-0.06667,1
711,11:22:53.83,0.40871,-0.09836,0.26991,0.2,-0.13333,-0.0,1
712,11:22:53.89,0.10471,0.20079,0.35175,0.2,0.03333,-0.0,1
713,11:22:53.95,0.44146,0.068,0.4078,0.23333,0.0,-0.0,1
714,11:22:54.02,0.34346,-0.127,0.41345,0.06667,-0.06667,-0.0,1
715,11:22:54.08,0.19646,0.009,0.28663,0.13333,0.1,-0.0,1
716,11:22:54.14,0.49046,-0.108,0.44391,0.13333,0.2,-0.03333,1
717,11:22:54.21,0.46251,-0.30979,0.59406,0.76667,0.96667,-0.0,1
718,11:22:54.27,1.29323,-0.26669,1.35464,0.03333,0.86667,0.23333,1
719,11:22:54.34,1.31399,-0.14969,1.41514,0.13333,1.3,0.26667,1
720,11:22:54.40,2.75378,0.25331,2.3037,0.33333,2.33333,0.66667,1
721,11:22:54.46,2.76848,0.49342,2.674,-0.5,2.6,1.33333,1
722,11:22:54.53,1.08725,-0.23042,0.65251,-0.7,2.6,2.13333,1
723,11:22:54.59,-0.16358,-0.70449,-0.26685,-0.86667,2.33333,2.33333,1
724,11:22:54.65,-0.65761,-0.52246,-0.48578,-0.56667,1.8,2.2,1
725,11:22:54.72,-1.53581,0.01358,-0.40115,-0.2,1.03333,1.73333,1
726,11:22:54.78,-1.78502,0.35948,-0.2052,-0.06667,0.96667,1.4,1
727,11:22:54.85,-1.82772,0.28522,-0.1115,0.03333,1.2,1.23333,1
728,11:22:54.91,-2.15917,0.24419,-0.10876,-0.03333,1.23333,1.23333,1
729,11:22:54.97,-3.50667,0.41683,-0.13589,0.0,1.53333,1.13333,1
730,11:22:55.03,-4.46898,0.12028,-0.06483,-0.03333,1.13333,0.83333,1
731,11:22:55.10,-5.9896,0.36542,-0.05047,-0.06667,1.0,0.63333,1
732,11:22:55.16,-6.99276,0.25975,-0.32506,-0.03333,0.63333,0.3,1
733,11:22:55.23,-6.82796,-0.14225,-0.04324,-0.26667,-0.36667,-0.13333,1
734,11:22:55.29,-3.17776,0.43728,-0.1741,-0.36667,-0.73333,-0.63333,1
735,11:22:55.35,-3.37157,0.6046,-0.65407,-0.46667,-1.03333,-0.63333,1
736,11:22:55.42,-5.50835,-0.27063,-0.37271,-0.23333,-2.46667,-1.6,1
737,11:22:55.48,-4.70838,-0.19781,-0.12257,-0.16667,-3.23333,-1.86667,1
738,11:22:55.54,-2.66288,0.09158,-0.78518,0.0,-4.13333,-2.7,1
739,11:22:55.61,-0.20675,0.374,-0.84479,0.73333,-4.0,-2.63333,1
740,11:22:55.67,0.26748,0.20038,-0.73141,1.06667,-4.3,-1.86667,1
741,11:22:55.73,3.34275,-0.51342,1.67256,1.83333,-3.13333,-1.36667,1
742,11:22:55.80,5.157,-0.25158,3.36122,1.06667,-2.93333,-0.76667,1
743,11:22:55.86,1.86154,1.266,1.66682,-0.66667,-1.1,0.03333,1
744,11:22:55.93,3.10262,0.83031,2.60596,0.7,-0.4,-0.46667,1
745,11:22:55.99,4.42161,0.541,3.32801,0.56667,-1.63333,0.06667,1
746,11:22:56.05,2.15725,0.39154,1.41599,0.13333,0.13333,-0.16667,1
747,11:22:56.12,3.11725,0.91429,1.94588,0.06667,0.3,-0.06667,1
748,11:22:56.18,2.27477,0.61029,1.28491,-0.23333,0.53333,-0.13333,1
749,11:22:56.24,2.26284,0.77354,0.61993,-0.1,0.1,-0.03333,1
750,11:22:56.30,2.47749,0.10342,0.51486,-0.2,0.16667,-0.06667,1
751,11:22:56.37,2.32049,0.374,0.15428,-0.13333,-0.03333,-0.03333,1
752,11:22:56.42,2.13554,0.42931,0.19063,-0.06667,0.43333,-0.0,1
753,11:22:56.48,2.207,0.08736,0.17848,-0.1,-0.13333,0.03333,1
754,11:22:56.54,1.34136,-0.039,0.40607,-0.03333,-0.03333,0.1,1
755,11:22:56.61,1.33721,-0.245,0.25199,-0.06667,0.2,0.03333,1
756,11:22:56.67,0.95,-0.029,0.05166,-0.2,0.06667,-0.03333,1
757,11:22:56.73,1.293,0.244,0.00653,-0.06667,0.03333,-0.0,1
758,11:22:56.79,1.254,-0.17121,-0.07821,-0.1,0.1,-0.06667,1
759,11:22:56.85,1.25979,-0.06421,0.15717,0.06667,-0.03333,-0.0,1
760,11:22:56.92,1.33779,-0.05421,0.31319,-0.13333,-0.1,-0.03333,0
761,11:22:56.98,0.87858,-0.02936,0.15602,-0.03333,0.13333,-0.1,0
762,11:22:57.05,1.00169,-0.39642,0.1395,-0.06667,0.0,-0.03333,0
763,11:22:57.11,0.95269,-0.19042,0.15445,-0.03333,0.03333,-0.03333,0
764,11:22:57.17,0.811,-0.08342,0.12517,0.06667,0.0,-0.0,0
765,11:22:57.23,0.85,-0.20042,0.11765,0.0,0.0,-0.0,0
766,11:22:57.30,0.23858,-0.06342,0.01981,0.03333,0.03333,-0.0,0
767,11:22:57.36,0.73858,-0.00036,0.30003,0.0,0.1,-0.03333,0
768,11:22:57.42,0.65058,-0.08836,0.25405,0.0,0.0,-0.0,0
769,11:22:57.49,0.23546,-0.07836,0.03572,0.0,0.13333,-0.0,0
770,11:22:57.55,0.24546,0.12764,0.28415,0.0,0.0,-0.03333,0
771,11:22:57.61,0.19646,-0.01442,0.17317,0.0,0.06667,-0.03333,0
772,11:22:57.68,0.36246,0.08358,0.32668,0.0,0.1,-0.0,0
773,11:22:57.74,0.22271,0.08358,0.22608,0.06667,0.0,-0.0,0
774,11:22:57.80,0.23171,-0.05342,0.23024,0.0,0.0,0.03333,0
775,11:22:57.87,0.06571,-0.05342,0.15813,0.03333,-0.03333,-0.0,0
776,11:22:57.93,0.46046,0.00558,0.38501,0.0,0.0,-0.0,0
777,11:22:57.99,0.16371,0.00558,0.07961,0.0,0.03333,-0.0,0
778,11:22:58.06,0.39871,0.10358,0.31245,0.03333,0.03333,-0.0,0
779,11:22:58.12,0.19271,0.07358,0.19179,0.06667,-0.06667,-0.0,0
780,11:22:58.18,0.24171,0.06458,0.40881,0.06667,0.03333,0.1,0
781,11:22:58.25,0.16646,-0.13242,0.11606,0.03333,-0.1,-0.0,0
782,11:22:58.31,0.42146,0.10358,0.26958,0.06667,0.0,-0.0,0
783,11:22:58.37,0.44146,0.11358,0.12098,0.03333,0.0,0.03333,0
784,11:22:58.44,0.23546,-0.08342,0.18519,0.0,-0.13333,-0.0,0
785,11:22:58.50,0.17646,0.11358,0.24496,0.0,0.0,-0.03333,0
786,11:22:58.56,0.32346,-0.01442,0.1336,0.0,0.06667,-0.0,0
787,11:22:58.63,0.24546,-0.06342,-0.03236,0.03333,-0.03333,-0.06667,0
788,11:22:58.69,0.45146,0.09358,0.35909,0.03333,-0.03333,-0.0,0
789,11:22:58.75,0.41146,-0.00442,0.11935,0.03333,-0.03333,-0.03333,0
790,11:22:58.81,0.08846,0.13258,-0.05296,0.03333,0.03333,-0.06667,1
791,11:22:58.88,0.49046,0.10358,0.35699,0.1,0.0,-0.0,1
792,11:22:58.94,0.21546,0.04458,0.37048,0.1,0.0,-0.03333,1
793,11:22:59.00,0.31346,0.08764,0.81047,0.2,0.03333,-0.0,1
794,11:22:59.06,0.60746,-0.34236,1.13074,0.4,0.0,-0.0,1
795,11:22:59.13,-0.09129,0.372,1.09876,0.43333,0.36667,-0.1,1
796,11:22:59.19,1.71851,-0.637,2.43391,0.33333,1.1,0.23333,1
797,11:22:59.25,2.80883,-0.706,2.68622,-0.3,2.23333,0.8,1
798,11:22:59.32,2.46311,0.244,2.23897,-0.13333,2.8,1.06667,1
799,11:22:59.38,1.29932,0.02069,1.02463,-0.9,3.16667,1.86667,1
800,11:22:59.44,1.20525,-0.13029,0.64757,-0.76667,2.76667,2.0,1
801,11:22:59.50,-0.2979,-0.31917,-0.33994,-0.53333,2.23333,2.2,1
802,11:22:59.57,-1.27886,-0.30407,-0.54072,-0.43333,2.16667,2.06667,1
803,11:22:59.63,-2.23602,-0.003,-0.42619,-0.06667,1.93333,1.76667,1
804,11:22:59.69,-2.15488,0.12232,-0.1896,-0.13333,1.63333,1.56667,1
805,11:22:59.75,-3.43338,0.01936,-0.18653,-0.13333,1.86667,1.26667,1
806,11:22:59.82,-4.6356,-0.1894,-0.05457,0.0,1.3,0.86667,1
807,11:22:59.88,-4.90376,-0.1566,-0.12984,0.0,0.6,0.53333,1
808,11:22:59.95,-5.61196,0.0784,-0.32513,-0.1,0.43333,0.23333,1
809,11:23:00.01,-4.98276,-0.0486,-0.01912,-0.3,-0.66667,0.03333,1
810,11:23:00.07,-4.97763,0.3986,-0.71666,-0.06667,-0.2,-0.36667,1
811,11:23:00.14,-3.20435,0.71636,-0.02432,-0.1,-1.16667,-1.0,1
812,11:23:00.20,-4.61038,0.34832,-0.01885,-0.43333,-2.5,-1.36667,1
813,11:23:00.27,-3.20917,1.184,-0.23079,-0.3,-1.66667,-1.73333,1
814,11:23:00.33,-0.02339,0.58891,-0.11566,0.43333,-3.33333,-1.93333,1
815,11:23:00.39,0.41806,0.06283,-0.51209,0.33333,-4.06667,-2.1,1
816,11:23:00.45,-0.45452,0.32239,-1.30132,0.96667,-3.2,-1.63333,1
817,11:23:00.52,3.41518,0.27446,0.95678,1.5,-3.23333,-1.13333,1
818,11:23:00.58,3.24546,0.61279,1.07597,1.26667,-4.73333,-0.93333,1
819,11:23:00.64,2.90054,0.20942,2.14902,1.5,-4.36667,-0.66667,1
820,11:23:00.70,3.115,-0.01358,2.45969,1.1,-0.7,-0.2,1
821,11:23:00.76,3.12482,0.14162,2.79309,0.66667,-0.1,-0.06667,1
822,11:23:00.83,2.21746,0.58684,2.49402,0.33333,0.26667,-0.0,1
823,11:23:00.89,2.194,0.97061,2.59076,0.2,0.36667,-0.1,1
824,11:23:00.95,2.60701,0.69484,1.88985,-0.13333,0.16667,-0.1,1
825,11:23:01.02,2.51977,0.76249,0.62934,-0.43333,0.26667,-0.0,1
826,11:23:01.08,2.18561,0.46329,0.04823,-0.33333,0.13333,-0.1,1
827,11:23:01.14,2.50784,0.30354,0.27009,-0.4,-0.06667,-0.0,1
828,11:23:01.21,1.89429,0.08,0.03169,-0.33333,-0.03333,-0.0,1
829,11:23:01.27,1.19142,-0.03064,-0.10232,-0.36667,0.1,-0.0,1
830,11:23:01.34,1.413,-0.33879,0.20101,-0.13333,-0.06667,-0.0,1
831,11:23:01.40,0.90442,-0.127,-0.00437,-0.06667,0.13333,-0.03333,1
832,11:23:01.46,1.11636,0.077,0.16387,0.0,0.13333,-0.03333,1
833,11:23:01.52,0.99836,-0.078,0.06796,-0.03333,0.03333,-0.0,1
834,11:23:01.59,1.19021,-0.09421,0.2339,0.0,0.33333,-0.03333,1
835,11:23:01.65,0.82779,-0.11736,0.22421,0.0,0.23333,-0.0,1
836,11:23:01.71,0.46658,-0.39642,0.17206,0.0,0.0,0.03333,1
837,11:23:01.78,0.51558,-0.22042,0.16063,0.1,0.06667,-0.0,1
838,11:23:01.84,0.57969,-0.12736,0.16633,0.0,-0.03333,-0.0,1
839,11:23:01.90,0.49169,-0.10836,0.10794,0.03333,0.13333,-0.0,1
840,11:23:01.97,0.468,-0.12736,0.29857,0.0,0.1,-0.0,0
841,11:23:02.03,0.252,-0.18636,0.21517,0.0,0.0,-0.0,0
842,11:23:02.09,0.399,-0.01936,0.23581,0.0,0.03333,-0.03333,0
843,11:23:02.16,0.23858,-0.16636,0.29058,0.0,0.1,-0.03333,0
844,11:23:02.22,0.42458,-0.08836,0.33574,-0.06667,-0.03333,-0.0,0
845,11:23:02.28,0.15058,-0.03936,0.16791,0.0,0.1,-0.03333,0
846,11:23:02.35,0.44458,-0.29842,0.13602,0.03333,0.03333,-0.06667,0
847,11:23:02.41,0.48358,-0.01936,0.27837,0.0,-0.06667,-0.03333,0
848,11:23:02.47,0.22858,0.05864,0.06457,0.03333,0.06667,-0.0,0
849,11:23:02.54,0.38558,-0.09836,0.09993,0.03333,-0.03333,-0.0,0
850,11:23:02.60,0.27758,0.00964,0.23296,0.03333,0.03333,-0.0,0
851,11:23:02.67,0.13746,-0.14736,0.34761,0.06667,0.03333,-0.0,0
852,11:23:02.73,0.10746,-0.01936,0.42469,0.1,0.0,-0.0,0
853,11:23:02.79,0.28758,0.00964,0.2244,0.03333,0.06667,-0.0,0
854,11:23:02.86,0.44458,0.05864,0.37139,0.06667,-0.06667,-0.0,0
855,11:23:02.92,0.40558,-0.05936,0.18989,-0.03333,0.03333,-0.0,0
856,11:23:02.99,0.32658,-0.08836,0.12056,0.06667,0.0,-0.0,0
857,11:23:03.05,0.45458,-0.17636,0.34793,0.0,0.0,-0.0,0
858,11:23:03.11,0.16958,-0.01036,0.10307,0.03333,0.0,-0.0,0
859,11:23:03.18,0.44458,-0.18636,0.26902,0.0,0.03333,-0.0,0
860,11:23:03.24,0.24546,0.00964,0.17384,0.0,-0.03333,-0.0,0
861,11:23:03.31,0.23546,-0.01936,0.0756,0.0,0.06667,-0.0,0
862,11:23:03.37,0.19646,0.07864,0.21766,0.06667,0.0,-0.0,0
863,11:23:03.43,-0.00054,-0.05936,0.10158,0.03333,0.1,-0.0,0
864,11:23:03.50,0.34346,-0.01936,0.41753,0.03333,-0.03333,-0.0,0
865,11:23:03.56,0.05846,0.10764,0.08629,0.03333,0.03333,-0.03333,0
866,11:23:03.63,0.26446,-0.03936,0.20431,0.06667,0.06667,-0.0,0
867,11:23:03.69,0.10746,-0.01936,0.08764,0.03333,-0.03333,-0.03333,0
868,11:23:03.75,0.31346,0.13179,0.24944,0.1,0.06667,-0.0,0
869,11:23:03.81,0.28446,0.01379,0.1848,0.06667,-0.1,-0.0,0
