,Timestamp,AccX,AccY,AccZ,GyroX,GyroY,GyroZ
0,11:20:29.84,-9.12076,4.591,0.22045,0.0,-0.03333,-0.0
1,11:20:29.90,-9.20463,4.47198,0.11563,0.03333,0.0,-0.0
2,11:20:29.97,-8.82973,4.26252,0.30667,0.03333,-0.03333,-0.0
3,11:20:30.03,-8.63567,3.87089,0.18711,0.0,0.0,-0.0
4,11:20:30.10,-7.85971,3.67607,0.46794,0.0,0.03333,-0.0
5,11:20:30.16,-7.41835,3.39089,0.72252,-0.06667,0.06667,0.03333
6,11:20:30.22,-5.97671,3.55359,1.85379,-0.06667,1.5,0.06667
7,11:20:30.29,-6.07667,3.65822,0.97796,-0.3,1.9,0.26667
8,11:20:30.35,-6.00798,3.33446,0.4868,-0.53333,1.66667,0.36667
9,11:20:30.42,-5.23776,3.252,0.36639,-0.3,1.8,0.43333
10,11:20:30.48,-4.60653,3.53801,0.472,-0.43333,1.4,0.5
11,11:20:30.54,-3.58567,3.38662,0.12452,-0.56667,1.9,0.76667
12,11:20:30.61,-3.0991,3.031,-0.0726,-0.6,1.83333,0.83333
13,11:20:30.67,-2.95256,3.09531,-0.1534,-0.56667,1.63333,0.9
14,11:20:30.73,-2.89102,3.235,-0.42775,-0.66667,1.7,1.03333
15,11:20:30.79,-2.10956,3.32758,-0.08631,-0.63333,1.46667,1.03333
16,11:20:30.85,-2.3341,3.35738,-0.13819,-0.5,1.43333,0.93333
17,11:20:30.92,-2.43953,3.31323,-0.09838,-0.53333,1.03333,0.8
18,11:20:30.98,-2.40863,3.463,-0.03416,-0.5,1.1,0.73333
19,11:20:31.04,-2.07635,3.29254,-0.0009,-0.53333,1.63333,0.76667
20,11:20:31.11,-2.68838,3.25041,-1.55844,-0.36667,1.36667,0.8
21,11:20:31.17,-2.56888,3.10893,-2.97985,-0.36667,1.16667,0.86667
22,11:20:31.23,-3.20917,2.87658,-3.59089,-0.16667,0.53333,0.66667
23,11:20:31.29,-3.54688,2.59148,-4.17452,-0.06667,-0.4,0.4
24,11:20:31.36,-4.00667,2.44102,-2.7168,0.1,0.16667,-0.13333
25,11:20:31.42,-3.77086,2.38202,-2.46107,0.1,-0.73333,-0.46667
26,11:20:31.48,-3.21457,2.73335,-2.40848,0.06667,-1.06667,-0.73333
27,11:20:31.55,-2.82426,3.11891,-0.81672,0.33333,-1.3,-0.86667
28,11:20:31.61,-1.68367,3.37078,0.0364,0.46667,-1.73333,-0.83333
29,11:20:31.67,-2.75796,3.32254,-0.03294,0.6,-1.46667,-0.83333
30,11:20:31.73,-1.97667,3.36223,-0.11573,0.9,-1.2,-0.8
31,11:20:31.80,-0.60802,3.42638,0.12901,0.86667,-2.7,-0.8
32,11:20:31.86,-1.34746,3.38346,-0.29651,1.06667,-1.83333,-0.7
33,11:20:31.92,-0.72675,3.196,-0.48748,1.13333,-1.96667,-0.63333
34,11:20:31.99,0.00749,3.01342,-0.217,1.1,-1.83333,-0.63333
35,11:20:32.05,0.30511,2.90054,-0.30416,1.0,-2.3,-0.53333
36,11:20:32.11,0.11554,3.25149,-0.06155,0.96667,-1.33333,-0.46667
37,11:20:32.18,0.06916,3.02925,0.50507,0.6,-1.86667,-0.2
38,11:20:32.24,1.91246,3.42101,1.43494,0.63333,-1.3,-0.33333
39,11:20:32.30,1.48658,2.79017,0.98069,0.06667,-1.86667,-0.1
40,11:20:32.37,0.293,3.17746,0.28616,0.33333,-0.1,-0.16667
41,11:20:32.43,1.67536,3.03146,1.60301,0.6,-0.6,-0.1
42,11:20:32.50,1.41831,2.52122,0.80583,0.2,-0.7,-0.13333
43,11:20:32.56,1.41642,3.51559,1.32605,0.23333,0.3,-0.06667
44,11:20:32.62,1.413,3.11359,1.11445,0.0,0.0,-0.03333
45,11:20:32.69,1.168,3.16259,0.67294,-0.2,-0.13333,-0.03333
46,11:20:32.75,0.698,2.86982,-0.14319,0.0,0.0,-0.0
47,11:20:32.81,1.256,2.65846,0.18773,0.03333,0.16667,-0.03333
48,11:20:32.88,1.07,2.58417,0.14029,-0.06667,-0.03333,-0.0
49,11:20:32.94,0.71231,2.17725,0.18492,0.0,0.0,-0.0
50,11:20:33.01,0.75742,1.89261,0.2949,0.03333,0.16667,-0.0
51,11:20:33.07,0.56142,1.85361,0.2238,0.0,0.16667,-0.0
52,11:20:33.13,0.69436,1.25962,0.17283,0.0,0.13333,-0.03333
53,11:20:33.20,0.80721,1.02854,0.22409,0.0,0.1,-0.0
54,11:20:33.26,0.636,0.502,0.29644,-0.03333,0.0,-0.0
55,11:20:33.32,0.313,0.52731,0.1201,0.0,0.13333,-0.0
56,11:20:33.39,0.676,0.37642,0.31379,0.03333,0.0,-0.0
57,11:20:33.45,0.39679,0.42542,0.258,0.0,0.03333,-0.0
58,11:20:33.51,0.51379,0.29336,0.31359,0.06667,0.06667,-0.0
59,11:20:33.57,0.52379,0.24436,0.30464,-0.03333,-0.03333,-0.0
60,11:20:33.64,0.14664,0.21921,0.21479,0.0,0.06667,-0.0
61,11:20:33.70,0.46064,0.12221,0.22457,0.0,0.03333,-0.0
62,11:20:33.77,0.13764,0.156,0.21544,0.0,0.0,-0.0
63,11:20:33.83,0.54864,0.323,0.5769,-0.06667,0.16667,-0.0
64,11:20:33.89,0.22058,-0.01,0.04326,-0.06667,-0.13333,-0.0
65,11:20:33.95,0.04458,0.087,-0.10438,0.0,0.1,-0.0
66,11:20:34.02,0.36858,0.068,0.24106,0.03333,-0.1,-0.0
67,11:20:34.08,0.21158,0.146,0.2386,0.03333,-0.06667,-0.0
68,11:20:34.14,0.18158,0.274,0.18146,0.03333,0.0,-0.0
69,11:20:34.21,0.30958,0.126,0.24568,0.03333,0.03333,-0.0
70,11:20:34.27,0.31958,0.107,0.28599,0.03333,0.03333,-0.03333
71,11:20:34.33,0.26058,-0.07421,0.20281,0.0,0.0,-0.0
72,11:20:34.40,0.12258,0.06279,0.24431,0.0,0.0,-0.0
73,11:20:34.46,0.13258,-0.00521,0.18487,0.06667,0.06667,-0.0
74,11:20:34.52,0.28958,-0.04521,0.23516,0.0,0.0,-0.0
75,11:20:34.58,0.03458,0.10279,0.12268,0.03333,0.06667,-0.0
76,11:20:34.64,0.29958,-0.09421,0.24441,0.06667,-0.06667,-0.0
77,11:20:34.71,0.21158,0.03379,0.25949,0.03333,0.06667,-0.0
78,11:20:34.77,0.19158,0.146,0.12977,0.1,0.0,-0.03333
79,11:20:34.84,0.39758,-0.12321,0.35954,-0.03333,0.03333,-0.03333
80,11:20:34.90,-0.04831,0.02379,0.07723,0.03333,0.23333,-0.13333
81,11:20:34.96,0.31469,0.11179,0.32262,0.06667,0.03333,0.03333
82,11:20:35.03,0.37369,-0.02521,0.27713,0.0,-0.03333,-0.0
83,11:20:35.09,0.07969,0.03379,-0.00105,0.0,0.03333,-0.0
84,11:20:35.15,0.36369,-0.02521,0.25732,0.06667,0.0,-0.0
85,11:20:35.21,0.13869,-0.02521,0.26581,0.0,0.0,-0.0
86,11:20:35.27,0.17769,-0.00521,0.24048,0.06667,0.0,-0.0
87,11:20:35.33,0.23669,-0.07421,0.32205,0.03333,0.0,-0.0
88,11:20:35.40,0.28569,0.068,0.31632,0.0,0.0,-0.0
89,11:20:35.46,0.21669,0.077,0.29138,0.03333,0.0,-0.0
90,11:20:35.53,0.25569,-0.04521,0.12975,0.0,0.0,-0.03333
91,11:20:35.59,0.32469,-0.01521,0.2536,0.0,0.0,-0.0
92,11:20:35.65,0.32469,-0.10321,0.30118,0.03333,0.0,-0.0
93,11:20:35.71,0.24669,-0.09421,0.26426,0.0,0.0,-0.0
94,11:20:35.77,0.085,-0.08421,0.27506,0.06667,0.03333,-0.0
95,11:20:35.84,0.154,-0.13321,0.28122,0.03333,0.03333,-0.0
96,11:20:35.90,0.125,0.136,0.35655,0.03333,0.03333,-0.0
97,11:20:35.96,0.125,0.097,0.58014,0.13333,0.0,-0.0
98,11:20:36.03,0.89,0.087,1.39071,0.1,0.46667,-0.0
99,11:20:36.09,1.20646,0.244,1.71327,-0.26667,1.23333,0.03333
100,11:20:36.15,1.76439,0.72979,2.179,-0.5,1.96667,0.23333
101,11:20:36.21,1.28718,0.42658,1.26565,-0.8,2.66667,0.5
102,11:20:36.28,1.31135,0.47358,0.85643,-0.86667,2.6,0.83333
103,11:20:36.34,0.67232,0.13951,0.05251,-0.96667,2.4,1.1
104,11:20:36.40,0.71525,0.44975,0.28264,-0.66667,2.23333,1.06667
105,11:20:36.47,-0.04658,0.39418,-0.25303,-0.63333,1.86667,1.16667
106,11:20:36.53,-0.0938,1.10011,0.03576,-0.6,1.7,1.23333
107,11:20:36.59,-0.87686,0.66435,-0.15497,-0.53333,1.73333,1.2
108,11:20:36.66,-1.46102,0.65348,-0.09932,-0.4,1.46667,1.16667
109,11:20:36.72,-2.77288,0.51122,-0.12131,-0.2,1.76667,1.0
110,11:20:36.78,-3.27542,1.06719,-0.00889,-0.16667,1.43333,0.7
111,11:20:36.85,-3.15535,1.02825,-0.33525,-0.06667,1.23333,0.5
112,11:20:36.91,-3.7926,1.00925,-1.84803,-0.16667,0.86667,0.36667
113,11:20:36.97,-4.23457,0.97706,-3.12956,-0.06667,0.4,0.2
114,11:20:37.03,-3.95057,0.77106,-2.56815,0.0,-0.23333,-0.0
115,11:20:37.10,-4.21073,1.09237,-3.07648,0.0,-0.36667,-0.26667
116,11:20:37.16,-3.44935,1.37336,-1.60953,0.0,-0.2,-0.4
117,11:20:37.23,-2.63938,1.16822,-0.93655,0.2,-1.66667,-0.83333
118,11:20:37.29,-4.43988,1.02749,-1.20545,0.13333,-1.76667,-1.2
119,11:20:37.35,-0.79536,0.98835,-0.07863,0.6,-2.46667,-1.43333
120,11:20:37.42,0.01475,1.33511,-0.15065,0.53333,-3.2,-1.56667
121,11:20:37.48,0.84219,1.21083,-0.28483,0.9,-3.4,-1.4
122,11:20:37.54,2.17058,0.80339,-0.38501,0.86667,-3.63333,-1.36667
123,11:20:37.61,1.99099,1.596,-0.69914,1.13333,-1.73333,-1.1
124,11:20:37.67,4.93246,1.48479,1.18811,1.13333,-2.03333,-0.6
125,11:20:37.74,4.42679,1.37621,1.15839,1.06667,-1.8,-0.36667
126,11:20:37.80,3.80742,1.501,1.24865,0.9,-1.23333,-0.16667
127,11:20:37.86,4.06129,1.57029,1.7097,0.53333,-0.86667,-0.1
128,11:20:37.92,4.01884,0.82629,1.28142,0.43333,-1.73333,-0.13333
129,11:20:37.99,3.26425,1.24062,0.85799,0.0,0.06667,-0.23333
130,11:20:38.05,4.24401,0.99562,0.83216,0.16667,-0.6,-0.16667
131,11:20:38.11,3.576,1.27962,0.52496,0.03333,0.0,-0.1
132,11:20:38.18,3.12601,1.10029,0.21327,0.03333,0.03333,-0.0
133,11:20:38.24,3.32325,0.99229,0.33079,0.06667,0.16667,-0.0
134,11:20:38.30,2.98961,0.80354,0.28297,0.0,0.0,-0.0
135,11:20:38.37,2.37949,0.82254,0.18332,0.0,0.16667,-0.0
136,11:20:38.43,2.45329,0.58442,0.36646,0.0,0.03333,-0.0
137,11:20:38.49,2.14554,0.59442,0.3043,-0.1,-0.03333,-0.0
138,11:20:38.56,1.707,0.561,0.04709,0.03333,0.1,-0.0
139,11:20:38.62,1.58531,0.39031,0.24665,-0.03333,-0.13333,-0.0
140,11:20:38.69,1.27742,0.51731,0.19302,0.0,0.03333,0.03333
141,11:20:38.75,1.24921,0.21942,0.18547,0.06667,0.06667,-0.03333
142,11:20:38.81,1.146,0.09736,0.26951,-0.06667,0.0,-0.0
143,11:20:38.88,1.058,-0.03964,0.17642,0.03333,0.06667,-0.0
144,11:20:38.94,0.83779,0.01836,0.28617,0.0,0.0,-0.0
145,11:20:39.00,0.83779,0.08736,0.28426,0.0,0.06667,-0.0
146,11:20:39.06,0.38758,0.03421,0.28207,0.0,0.0,-0.0
147,11:20:39.12,0.68158,-0.04479,0.27436,0.03333,0.03333,-0.0
148,11:20:39.19,0.42269,-0.07379,0.06191,0.0,0.03333,-0.03333
149,11:20:39.25,0.64869,0.10221,0.3077,0.03333,0.0,-0.0
150,11:20:39.31,0.61869,-0.02479,0.3439,0.03333,0.1,-0.0
151,11:20:39.38,0.605,0.08321,0.47854,0.03333,0.1,0.06667
152,11:20:39.44,0.331,-0.177,0.10795,0.0,0.0,-0.0
153,11:20:39.50,0.252,-0.186,0.14752,0.03333,0.0,-0.03333
154,11:20:39.57,0.429,0.0,0.18525,0.03333,0.0,-0.0
155,11:20:39.63,0.409,-0.196,0.2427,0.03333,0.0,-0.0
156,11:20:39.71,0.272,-0.059,0.16695,0.0,-0.03333,-0.0
157,11:20:39.77,0.36,-0.078,0.26487,0.03333,0.03333,-0.0
158,11:20:39.83,0.311,0.0,0.22049,0.0,0.0,-0.0
159,11:20:39.90,0.13058,-0.098,0.16161,0.0,0.03333,-0.0
160,11:20:39.96,0.17958,-0.069,0.32182,0.0,0.03333,-0.0
161,11:20:40.03,0.11158,-0.01,0.22614,0.03333,0.03333,-0.0
162,11:20:40.09,0.26758,0.068,0.33223,0.03333,0.0,-0.0
163,11:20:40.15,0.18958,-0.078,0.26487,0.0,0.0,-0.0
164,11:20:40.21,0.17958,-0.02,0.1274,0.0,0.03333,-0.0
165,11:20:40.28,0.20958,-0.01,0.17038,0.0,0.0,-0.0
166,11:20:40.34,0.18958,-0.01,0.16799,0.03333,0.0,-0.03333
167,11:20:40.40,0.40558,0.028,0.40666,0.03333,0.0,-0.0
168,11:20:40.46,0.13058,0.028,0.18979,0.0,0.0,-0.0
169,11:20:40.53,0.18958,-0.108,0.13899,0.0,0.0,-0.0
170,11:20:40.59,0.33658,-0.088,0.26342,0.03333,0.0,-0.0
171,11:20:40.65,0.14058,0.0,0.20075,0.03333,0.03333,-0.0
172,11:20:40.71,0.31758,-0.039,0.29898,0.03333,-0.03333,-0.0
173,11:20:40.78,0.02258,-0.039,0.12975,0.03333,0.0,-0.0
174,11:20:40.84,0.45458,-0.01,0.29865,0.0,0.0,-0.0
175,11:20:40.90,0.21858,0.009,0.13208,0.03333,0.0,-0.03333
176,11:20:40.97,0.19958,-0.069,0.23641,0.03333,0.03333,-0.0
177,11:20:41.03,0.33658,-0.029,0.32104,0.0,0.0,-0.0
178,11:20:41.10,0.28758,0.019,0.18894,0.03333,0.03333,-0.0
179,11:20:41.16,0.37558,-0.078,0.32639,0.06667,0.0,-0.0
180,11:20:41.22,0.21858,-0.157,0.28789,0.03333,0.0,-0.0
181,11:20:41.29,0.31758,-0.147,0.26162,0.0,0.0,-0.03333
182,11:20:41.35,0.34658,-0.039,0.27425,0.0,0.03333,-0.06667
183,11:20:41.42,0.39246,0.087,0.77419,-0.03333,0.1,-0.03333
184,11:20:41.48,0.85738,-0.07421,1.27616,-0.2,1.0,-0.0
185,11:20:41.54,1.92075,-0.00521,1.95252,-0.16667,2.7,0.13333
186,11:20:41.61,2.93641,0.60358,2.62813,-0.46667,2.56667,0.63333
187,11:20:41.67,2.086,0.684,1.69475,-0.76667,3.23333,1.13333
188,11:20:41.73,0.95025,0.06051,0.46581,-1.06667,3.23333,1.66667
189,11:20:41.80,-0.11325,-0.028,-0.30813,-0.93333,2.36667,1.86667
190,11:20:41.86,-0.64146,-0.28407,-0.34548,-0.7,1.96667,1.8
191,11:20:41.93,-1.41781,-0.12452,-0.33243,-0.56667,1.8,1.66667
192,11:20:41.99,-2.59117,0.40732,-0.19268,-0.4,1.66667,1.43333
193,11:20:42.05,-3.09467,0.37336,-0.0852,-0.16667,1.4,1.06667
194,11:20:42.12,-3.58386,0.24106,-0.03757,-0.2,1.1,0.83333
195,11:20:42.18,-4.2826,0.6146,-0.61264,-0.26667,0.66667,0.53333
196,11:20:42.25,-4.47957,0.6474,-2.363,-0.13333,0.33333,0.26667
197,11:20:42.31,-4.1456,0.7154,-2.25227,-0.06667,-0.13333,-0.0
198,11:20:42.37,-4.05373,1.1246,-2.14249,0.03333,-0.06667,-0.2
199,11:20:42.44,-3.13498,1.26083,-1.85421,0.0,-0.26667,-0.26667
200,11:20:42.50,-3.27235,1.27106,-1.99041,0.0,-0.13333,-0.2
201,11:20:42.56,-3.24335,1.22425,-1.43506,0.13333,-0.16667,-0.3
202,11:20:42.63,-2.91686,0.87637,-0.63501,0.13333,-0.6,-0.5
203,11:20:42.69,-3.02667,1.19583,-0.8677,0.06667,-0.93333,-0.63333
204,11:20:42.75,-2.60117,1.31509,-0.00677,0.23333,-0.56667,-0.7
205,11:20:42.82,-1.02581,1.223,-0.01527,0.23333,-1.83333,-0.83333
206,11:20:42.88,-2.23946,1.63158,-0.26547,0.4,-1.4,-0.96667
207,11:20:42.94,0.96428,1.31611,0.02708,0.56667,-2.13333,-1.13333
208,11:20:43.01,0.14625,0.75254,-0.65556,0.6,-3.1,-1.3
209,11:20:43.07,-0.04998,1.48939,-1.36818,0.8,-2.0,-1.36667
210,11:20:43.13,3.07991,0.72038,-0.18548,0.8,-3.56667,-1.26667
211,11:20:43.20,3.21716,0.32364,-0.10977,1.2,-3.4,-1.03333
212,11:20:43.26,3.657,1.61221,1.29748,1.53333,-3.23333,-0.7
213,11:20:43.33,3.86762,1.18142,2.01342,0.93333,-1.7,-0.3
214,11:20:43.39,3.79477,0.90429,1.97571,0.6,-0.16667,-0.36667
215,11:20:43.45,4.70625,0.81862,2.37129,0.4,-0.73333,-0.2
216,11:20:43.51,3.18501,1.05649,1.28534,0.03333,-0.13333,-0.06667
217,11:20:43.57,3.792,0.67162,1.11544,0.16667,0.13333,-0.06667
218,11:20:43.64,3.55801,0.39429,0.63538,0.03333,0.0,-0.03333
219,11:20:43.70,2.95077,0.51229,0.44886,-0.2,0.13333,-0.0
220,11:20:43.77,2.85261,0.46054,0.23159,0.0,0.13333,-0.0
221,11:20:43.83,2.71249,0.49954,0.13971,0.0,-0.03333,-0.0
222,11:20:43.89,2.17829,0.41742,0.28175,-0.06667,-0.03333,-0.0
223,11:20:43.96,2.02442,0.345,0.29263,0.03333,0.16667,-0.0
224,11:20:44.02,1.766,0.316,0.24747,-0.03333,-0.06667,-0.0
225,11:20:44.08,1.50242,0.14531,0.33166,0.0,0.16667,-0.03333
226,11:20:44.15,1.37136,0.19431,0.30445,-0.03333,0.0,-0.0
227,11:20:44.21,1.23921,0.26842,0.19302,0.0,0.23333,-0.03333
228,11:20:44.28,1.254,0.03242,0.07791,-0.03333,0.0,-0.06667
229,11:20:44.34,1.254,-0.07964,0.16171,0.0,0.06667,-0.0
230,11:20:44.40,0.89264,0.11636,0.27922,0.0,0.03333,-0.0
231,11:20:44.47,0.63258,0.01836,0.27166,0.03333,0.0,-0.0
232,11:20:44.53,0.44658,-0.05479,0.40481,0.03333,-0.03333,-0.0
233,11:20:44.60,0.79958,-0.19179,0.31121,0.0,0.0,-0.0
234,11:20:44.66,0.81958,-0.19179,0.09292,-0.03333,0.0,-0.0
235,11:20:44.72,0.77569,-0.13279,0.14663,0.0,0.06667,-0.0
236,11:20:44.78,0.60869,-0.07379,0.1608,0.0,0.0,-0.0
237,11:20:44.85,0.448,-0.11279,0.26921,0.03333,0.0,-0.0
238,11:20:44.91,0.478,-0.01479,0.20299,0.0,0.06667,-0.0
239,11:20:44.97,0.34658,-0.284,0.22995,0.03333,0.0,-0.0
240,11:20:45.04,0.25858,-0.186,0.28433,0.0,0.0,-0.0
241,11:20:45.10,0.26758,-0.304,0.24002,0.0,0.03333,-0.0
242,11:20:45.17,0.42458,-0.245,0.45999,0.0,-0.03333,-0.0
243,11:20:45.23,0.30758,-0.157,0.1642,0.03333,0.13333,-0.03333
244,11:20:45.29,0.41558,-0.196,0.21766,0.0,-0.03333,-0.03333
245,11:20:45.36,0.25446,-0.049,0.16919,0.03333,0.03333,-0.0
246,11:20:45.42,0.29446,-0.147,0.09959,0.0,0.03333,-0.0
247,11:20:45.49,0.18646,-0.098,0.1317,0.03333,0.06667,-0.0
248,11:20:45.55,0.30346,-0.069,0.24382,0.03333,0.06667,-0.0
249,11:20:45.61,0.33346,-0.069,0.32444,0.0,0.0,-0.0
250,11:20:45.67,0.28446,-0.167,0.2706,0.0,0.06667,-0.0
251,11:20:45.74,0.13746,-0.147,0.1837,0.0,0.0,-0.0
252,11:20:45.80,0.32346,-0.186,0.33419,0.06667,0.0,-0.0
253,11:20:45.86,0.38246,-0.02,0.37048,0.0,-0.03333,-0.0
254,11:20:45.93,0.33346,0.0,0.44945,0.0,-0.03333,-0.0
255,11:20:45.99,0.34346,-0.127,0.31762,0.0,0.0,-0.0
256,11:20:46.05,0.40146,-0.049,0.25823,0.03333,0.0,-0.0
257,11:20:46.12,0.29446,-0.01,0.30006,0.03333,-0.03333,-0.0
258,11:20:46.18,0.22546,-0.216,0.08111,0.03333,0.06667,-0.0
259,11:20:46.24,0.37246,-0.226,0.29424,0.03333,-0.03333,-0.0
260,11:20:46.30,0.37246,-0.226,0.29424,0.03333,-0.03333,-0.0
261,11:20:46.37,0.41146,-0.088,0.25026,0.03333,0.0,-0.0
262,11:20:46.43,0.18646,-0.078,0.20805,0.0,0.0,-0.0
263,11:20:46.49,0.27446,-0.049,0.2014,0.03333,0.0,-0.03333
264,11:20:46.56,0.42146,-0.127,0.2522,0.0,0.06667,-0.0
265,11:20:46.62,0.02671,-0.059,0.1612,0.03333,0.0,-0.0
266,11:20:46.68,0.40146,-0.147,0.3167,0.03333,0.03333,-0.0
267,11:20:46.74,0.30346,-0.147,0.23485,0.03333,0.0,-0.03333
268,11:20:46.80,0.17371,-0.049,0.28765,0.03333,0.03333,-0.0
269,11:20:46.87,0.30071,-0.177,0.45148,0.03333,0.1,-0.0
270,11:20:46.93,0.33971,-0.216,0.51564,0.0,0.06667,-0.0
271,11:20:46.99,0.34738,-0.059,0.51425,0.0,0.5,-0.0
272,11:20:47.05,1.11951,0.136,1.42766,-0.03333,0.26667,0.06667
273,11:20:47.12,0.97923,0.25879,1.17712,-0.36667,0.96667,0.16667
274,11:20:47.18,2.169,0.31364,1.81862,-0.46667,1.93333,0.33333
275,11:20:47.25,1.68693,0.331,1.37445,-0.6,2.4,0.7
276,11:20:47.31,1.72248,0.25171,0.89489,-0.93333,2.7,1.13333
277,11:20:47.37,0.7716,0.18575,0.36166,-0.63333,3.13333,1.56667
278,11:20:47.44,0.2602,-0.11022,0.09098,-0.63333,2.7,1.8
279,11:20:47.50,-1.02435,0.04258,-0.24834,-0.53333,2.2,1.73333
280,11:20:47.56,-1.55117,-0.12052,-0.18404,-0.33333,1.93333,1.56667
281,11:20:47.63,-2.62842,-0.12578,-0.17272,-0.2,1.53333,1.33333
282,11:20:47.69,-3.14286,-0.14363,-0.06939,-0.13333,1.23333,1.06667
283,11:20:47.75,-3.74973,-0.03294,-0.35554,-0.03333,1.16667,0.76667
284,11:20:47.82,-4.51663,0.0684,-0.67172,-0.06667,0.66667,0.53333
285,11:20:47.88,-5.03176,0.5294,-1.14595,-0.06667,0.26667,0.13333
286,11:20:47.95,-3.70263,0.9576,-1.26273,-0.03333,-0.26667,-0.26667
287,11:20:48.01,-3.1356,1.34906,-1.42965,0.0,-0.23333,-0.3
288,11:20:48.07,-2.8316,1.17306,-1.19378,0.0,-0.23333,-0.26667
289,11:20:48.14,-3.30257,0.90806,-1.18279,0.0,-0.33333,-0.3
290,11:20:48.20,-3.40673,0.89637,-1.00313,0.0,-0.7,-0.43333
291,11:20:48.26,-2.62715,1.00122,-0.02729,0.1,-1.93333,-0.83333
292,11:20:48.32,-2.33835,1.213,-0.18344,0.23333,-2.6,-1.1
293,11:20:48.39,-0.04339,0.60535,-0.08046,0.3,-2.96667,-1.2
294,11:20:48.45,-0.79917,0.67693,-0.73275,0.0,-3.5,-1.3
295,11:20:48.52,0.80648,0.46854,-0.88973,0.9,-3.33333,-1.16667
296,11:20:48.58,1.92954,0.68575,-0.32767,1.2,-2.7,-0.86667
297,11:20:48.64,3.52438,0.17851,0.53003,1.56667,-2.6,-0.66667
298,11:20:48.71,3.77564,0.546,1.43953,1.23333,-2.33333,-0.26667
299,11:20:48.77,3.76921,1.10358,2.24177,1.4,-1.06667,-0.2
300,11:20:48.83,2.247,0.76821,0.43764,0.43333,-0.83333,0.03333
301,11:20:48.90,2.00854,0.60636,0.59813,0.8,-0.66667,-0.16667
302,11:20:48.96,3.49749,0.61531,1.49409,0.63333,-0.33333,-0.1
303,11:20:49.02,3.00884,0.37842,1.12633,0.3,-0.6,-0.0
304,11:20:49.09,2.09761,0.70554,0.98725,0.2,0.06667,-0.1
305,11:20:49.15,3.22561,0.30354,1.32926,0.0,0.03333,-0.1
306,11:20:49.21,2.54549,0.32942,0.70703,-0.03333,0.0,-0.06667
307,11:20:49.27,2.18062,0.41742,0.3574,-0.1,0.16667,-0.03333
308,11:20:49.34,2.16829,0.286,0.05494,0.0,0.06667,-0.03333
309,11:20:49.40,2.13242,0.208,0.30116,-0.1,-0.03333,-0.0
310,11:20:49.46,1.501,0.20331,0.11734,-0.06667,0.13333,-0.03333
311,11:20:49.53,1.68331,0.36031,0.28521,0.0,0.1,-0.0
312,11:20:49.59,1.52836,-0.00658,0.32241,0.0,0.06667,-0.0
313,11:20:49.65,0.989,0.18942,0.13881,-0.03333,0.2,-0.0
314,11:20:49.72,1.117,0.05836,0.1795,-0.03333,0.0,-0.0
315,11:20:49.78,1.11279,0.09736,0.14983,0.0,0.1,-0.03333
316,11:20:49.84,0.84364,0.01421,0.17466,-0.03333,-0.03333,-0.0
317,11:20:49.91,1.11764,-0.03479,0.31648,-0.03333,0.1,-0.03333
318,11:20:49.97,0.85858,-0.03479,0.16041,0.0,0.0,-0.0
319,11:20:50.04,0.65869,-0.029,0.26062,0.0,0.03333,-0.0
320,11:20:50.10,0.693,-0.226,0.29128,0.1,0.23333,-0.03333
321,11:20:50.16,0.32346,0.08321,0.08368,0.0,0.06667,-0.0
322,11:20:50.23,0.66646,-0.186,0.23653,0.0,0.06667,-0.0
323,11:20:50.29,0.51946,-0.206,0.13601,0.0,-0.03333,-0.0
324,11:20:50.35,0.33971,-0.245,0.22063,0.03333,0.0,-0.0
325,11:20:50.42,0.22271,-0.098,0.17137,0.0,0.03333,-0.0
326,11:20:50.48,0.45771,-0.314,0.40401,0.0,-0.03333,-0.0
327,11:20:50.55,0.30071,-0.088,0.12622,-0.03333,0.06667,-0.0
328,11:20:50.61,0.36971,-0.098,0.17561,0.0,0.06667,-0.03333
329,11:20:50.67,0.40871,-0.127,0.20192,0.0,0.0,-0.0
330,11:20:50.74,0.35738,-0.078,0.27819,0.0,0.03333,-0.0
331,11:20:50.80,0.19038,-0.137,0.17438,0.0,0.03333,-0.0
332,11:20:50.86,0.25938,-0.127,0.23345,0.0,0.03333,-0.03333
333,11:20:50.92,0.26838,-0.147,0.2924,0.0,0.0,-0.03333
334,11:20:50.99,0.36638,0.0,0.27083,0.0,0.03333,-0.0
335,11:20:51.05,0.23938,-0.01,0.20115,0.0,0.0,-0.0
336,11:20:51.11,0.28838,-0.01,0.19028,0.03333,0.03333,-0.0
337,11:20:51.17,0.35738,-0.01,0.19296,0.03333,0.0,-0.03333
338,11:20:51.23,0.41638,0.048,0.24151,0.03333,0.06667,-0.0
339,11:20:51.30,0.41638,-0.029,0.22314,0.06667,0.0,-0.0
340,11:20:51.36,0.06051,0.058,0.18022,0.03333,0.0,-0.0
341,11:20:51.42,0.23751,-0.078,0.2119,0.06667,0.0,-0.0
342,11:20:51.49,0.09951,0.077,0.19674,0.03333,0.0,-0.0
343,11:20:51.55,0.42538,-0.206,0.34044,0.03333,0.0,-0.0
344,11:20:51.61,0.18851,0.0,0.16497,0.0,0.0,-0.0
345,11:20:51.68,0.16851,-0.177,0.08664,0.03333,0.03333,-0.0
346,11:20:51.74,0.24751,-0.157,0.18673,0.0,0.0,-0.0
347,11:20:51.80,0.08051,0.0,0.04118,0.06667,0.03333,-0.0
348,11:20:51.86,0.13951,-0.284,0.26436,0.23333,0.1,-0.1
349,11:20:51.92,0.59051,-0.392,0.50432,-0.03333,0.26667,-0.1
350,11:20:51.98,0.46251,-0.059,0.22802,0.0,-0.03333,0.03333
351,11:20:52.05,0.27651,-0.177,0.15409,0.0,0.0,-0.0
352,11:20:52.11,0.31551,-0.147,0.13334,0.1,0.0,-0.0
353,11:20:52.17,0.37451,-0.265,0.24119,0.06667,0.0,-0.0
354,11:20:52.23,0.31551,-0.265,0.25754,0.0,0.0,-0.0
355,11:20:52.30,0.38451,-0.186,0.36415,0.03333,0.03333,-0.0
356,11:20:52.36,0.40351,-0.137,0.44192,0.0,0.0,-0.0
357,11:20:52.43,0.39451,-0.186,0.3939,0.06667,0.06667,-0.0
358,11:20:52.49,0.52151,-0.333,0.55334,0.03333,0.1,0.03333
359,11:20:52.55,0.63716,-0.382,0.7162,0.03333,0.46667,-0.0
360,11:20:52.62,1.05823,-0.118,0.96473,0.0,1.46667,-0.0
361,11:20:52.68,1.29883,-0.059,0.71917,-0.16667,1.26667,0.13333
362,11:20:52.74,1.78493,0.303,1.08384,-0.13333,1.83333,0.3
363,11:20:52.81,2.32302,0.63179,1.35605,-0.33333,1.86667,0.6
364,11:20:52.87,2.06009,0.65664,1.21276,-0.36667,2.33333,0.76667
365,11:20:52.94,1.51528,0.32071,0.49367,-0.73333,2.43333,1.33333
366,11:20:53.00,0.75161,0.19523,0.09812,-0.56667,2.16667,1.56667
367,11:20:53.06,0.12265,0.03118,-0.02679,-0.5,1.83333,1.66667
368,11:20:53.12,-0.88677,0.11791,-0.16247,-0.4,1.7,1.63333
369,11:20:53.19,-1.35215,0.17602,-0.09269,-0.3,1.26667,1.5
370,11:20:53.25,-2.18838,0.22032,-0.07249,-0.03333,1.1,1.26667
371,11:20:53.31,-3.15535,-0.34963,-0.02513,-0.03333,1.03333,1.03333
372,11:20:53.38,-3.9786,-0.03417,-0.02847,-0.03333,0.63333,0.76667
373,11:20:53.44,-4.5376,0.39783,-0.46131,0.0,0.43333,0.53333
374,11:20:53.50,-4.87773,0.64283,-0.94424,-0.03333,0.13333,0.1
375,11:20:53.56,-3.67286,0.92025,-0.62672,0.06667,-0.3,-0.36667
376,11:20:53.62,-3.76738,0.99036,-0.32801,0.06667,-0.63333,-0.6
377,11:20:53.68,-2.30415,1.00122,-0.01664,0.06667,-0.6,-0.8
378,11:20:53.75,-1.94417,1.05749,-0.01987,0.03333,-1.76667,-1.0
379,11:20:53.81,-1.79081,1.20848,-0.12708,0.26667,-1.36667,-1.03333
380,11:20:53.87,-0.10761,0.87291,-0.0928,0.46667,-2.73333,-1.2
381,11:20:53.94,-1.8726,1.27718,-1.05299,0.56667,-3.03333,-1.43333
382,11:20:54.00,1.13922,1.43199,-0.19017,0.5,-1.73333,-1.16667
383,11:20:54.06,3.08258,1.83551,0.6681,1.0,-1.66667,-0.9
384,11:20:54.13,3.01318,1.45458,0.22786,0.86667,-2.4,-0.73333
385,11:20:54.19,2.36223,1.20158,-0.10094,1.03333,-1.26667,-0.6
386,11:20:54.25,3.47771,1.117,0.98399,1.03333,-1.6,-0.5
387,11:20:54.32,2.78669,0.83136,0.35935,0.8,-1.2,-0.46667
388,11:20:54.38,2.65179,1.031,0.46279,0.66667,-0.26667,-0.36667
389,11:20:54.44,2.892,0.97642,0.88893,0.5,-0.7,-0.3
390,11:20:54.50,3.01836,0.57754,1.21598,0.23333,-1.1,-0.23333
391,11:20:54.56,2.99731,0.94329,1.19244,0.13333,0.06667,-0.2
392,11:20:54.63,3.60531,0.57129,1.38772,0.0,-0.1,-0.06667
393,11:20:54.69,2.28742,0.51854,0.47825,-0.1,0.03333,-0.0
394,11:20:54.75,1.90621,0.58754,0.373,0.0,0.16667,-0.0
395,11:20:54.82,2.26921,0.30942,0.27557,0.0,-0.03333,-0.03333
396,11:20:54.88,1.931,0.37842,0.19232,-0.06667,0.16667,-0.0
397,11:20:54.94,2.186,0.247,0.19341,0.03333,0.0,-0.0
398,11:20:55.00,1.93164,0.394,0.31558,-0.03333,0.16667,-0.0
399,11:20:55.06,1.70158,0.414,0.34048,0.0,0.03333,0.03333
400,11:20:55.13,1.59969,0.33131,0.21209,0.0,0.13333,-0.0
401,11:20:55.19,1.419,0.27231,0.12775,0.0,-0.06667,0.03333
402,11:20:55.25,1.32758,0.09142,0.21087,0.0,0.0,-0.0
403,11:20:55.31,1.09846,0.09142,0.07679,0.0,0.0,-0.0
404,11:20:55.38,0.94771,0.21942,0.19766,0.0,0.0,-0.0
405,11:20:55.44,0.82738,-0.08864,0.16701,0.06667,0.06667,-0.0
406,11:20:55.50,0.68851,-0.09864,0.36859,0.0,-0.03333,-0.0
407,11:20:55.56,0.55151,-0.01064,0.19634,0.0,0.0,-0.03333
408,11:20:55.63,0.58816,0.04836,0.1754,0.03333,0.03333,-0.03333
409,11:20:55.69,0.55916,0.09736,0.21351,0.0,0.0,-0.0
410,11:20:55.75,0.46039,-0.08379,0.27582,0.03333,0.03333,-0.0
411,11:20:55.82,0.42039,-0.12279,0.28639,0.03333,0.0,-0.0
412,11:20:55.88,0.44039,-0.23079,0.4046,0.0,0.0,-0.0
413,11:20:55.94,0.38139,-0.18179,0.2793,0.0,0.03333,-0.0
414,11:20:56.00,0.33239,-0.12279,0.17396,0.0,0.0,-0.0
415,11:20:56.07,0.39139,-0.17179,0.11466,0.0,0.0,-0.03333
416,11:20:56.13,0.54839,-0.04479,0.30514,0.0,-0.06667,-0.0
417,11:20:56.20,0.39123,-0.09379,0.10697,0.0,0.0,-0.0
418,11:20:56.26,0.17523,-0.04479,0.08193,0.03333,0.03333,-0.0
419,11:20:56.32,0.46923,-0.00579,0.41726,0.03333,0.0,-0.0
420,11:20:56.39,0.04823,-0.07379,0.07183,0.03333,0.0,-0.0
421,11:20:56.45,0.40123,-0.06379,0.33747,0.03333,0.03333,-0.0
422,11:20:56.51,0.29323,-0.04479,0.22893,0.03333,0.0,-0.0
423,11:20:56.58,0.33223,-0.14279,0.24997,0.0,0.03333,-0.0
424,11:20:56.64,0.23423,-0.11279,0.19891,0.0,0.0,-0.0
425,11:20:56.71,0.40123,-0.07379,0.28344,0.03333,0.0,-0.0
426,11:20:56.77,0.20423,-0.13279,0.17372,0.03333,0.0,-0.03333
427,11:20:56.83,0.44023,-0.05479,0.34667,0.03333,0.03333,-0.0
428,11:20:56.90,0.35223,-0.07379,0.30822,0.03333,0.0,-0.0
429,11:20:56.96,0.22423,-0.03479,0.15712,0.0,0.03333,-0.0
430,11:20:57.03,0.43023,-0.13279,0.36484,0.0,0.0,-0.0
431,11:20:57.09,0.24423,-0.17179,0.10998,0.0,0.0,-0.0
432,11:20:57.15,0.36123,-0.14279,0.1466,0.03333,0.0,-0.0
433,11:20:57.21,0.30223,0.03421,0.22035,0.06667,0.0,-0.0
434,11:20:57.28,0.30223,-0.06379,0.24084,0.0,0.03333,-0.0
435,11:20:57.34,0.25323,-0.10379,0.02756,0.0,0.03333,-0.03333
436,11:20:57.41,0.56723,-0.226,0.32422,0.03333,0.0,-0.0
437,11:20:57.47,0.17575,-0.17179,0.30853,0.0,0.0,-0.0
438,11:20:57.53,0.04775,-0.13279,0.20333,0.0,0.03333,-0.0
439,11:20:57.62,0.66523,-0.50579,0.39459,0.16667,0.16667,0.03333
440,11:20:57.68,0.10675,0.03421,-0.00689,0.16667,0.26667,-0.0
441,11:20:57.74,0.78323,-0.12864,0.38842,0.16667,-0.13333,-0.0
442,11:20:57.80,0.54823,0.07736,0.34721,0.13333,0.06667,-0.0
443,11:20:57.87,1.38123,-0.09864,0.75913,0.03333,0.26667,0.03333
444,11:20:57.93,1.18699,-0.07964,0.85183,-0.06667,0.4,0.1
445,11:20:57.99,0.59018,-0.10379,0.76962,-0.3,1.46667,0.13333
446,11:20:58.06,2.49091,0.117,1.97266,-0.26667,2.43333,0.3
447,11:20:58.12,2.62548,0.13179,1.44568,-0.46667,1.9,0.7
448,11:20:58.18,1.82319,0.26569,0.84892,-0.63333,2.03333,1.03333
449,11:20:58.24,1.2716,0.39871,0.34111,-0.56667,2.33333,1.3
450,11:20:58.31,0.4861,0.27323,-0.04508,-0.66667,2.06667,1.56667
451,11:20:58.37,0.09414,0.31154,-0.0641,-0.43333,1.73333,1.63333
452,11:20:58.44,-0.53371,0.08893,-0.15716,-0.26667,1.8,1.53333
453,11:20:58.50,-1.23288,0.00248,-0.14318,-0.1,1.33333,1.4
454,11:20:58.56,-2.30067,0.20349,-0.14394,-0.03333,1.26667,1.2
455,11:20:58.62,-2.73554,0.40083,-0.05643,0.03333,1.03333,0.93333
456,11:20:58.69,-3.22298,0.29737,-0.03382,-0.03333,1.0,0.83333
457,11:20:58.75,-3.91057,0.27106,-0.62062,-0.03333,0.63333,0.56667
458,11:20:58.81,-4.35963,0.30883,-0.41634,-0.03333,0.46667,0.36667
459,11:20:58.88,-3.94057,0.68306,-1.0172,0.0,0.06667,-0.16667
460,11:20:58.94,-3.25973,0.96437,-0.87521,-0.03333,-0.7,-0.43333
461,11:20:59.00,-3.36135,0.64619,-0.328,0.0,-0.43333,-0.66667
462,11:20:59.06,-2.12842,0.78932,-0.00683,0.0,-1.56667,-0.96667
463,11:20:59.13,-3.30717,0.909,-0.11962,0.0,-2.4,-1.26667
464,11:20:59.19,-0.22986,1.15811,0.02749,0.43333,-1.7,-1.36667
465,11:20:59.25,1.2164,0.92418,0.12956,0.53333,-3.36667,-1.26667
466,11:20:59.31,0.94222,1.26499,-0.26143,0.5,-2.83333,-1.23333
467,11:20:59.38,1.87658,1.12739,-0.0765,0.7,-2.53333,-0.83333
468,11:20:59.44,2.65554,0.79838,-0.20055,0.73333,-2.4,-0.66667
469,11:20:59.50,3.15951,1.20958,0.48926,0.96667,-1.66667,-0.56667
470,11:20:59.57,2.52358,0.88369,0.26859,0.83333,-1.43333,-0.3
471,11:20:59.63,3.69664,0.66179,1.19023,0.9,-0.6,-0.36667
472,11:20:59.69,2.81879,0.774,0.95518,0.53333,-1.06667,-0.16667
473,11:20:59.76,2.647,0.61636,0.89148,0.53333,0.06667,-0.2
474,11:20:59.82,3.353,0.53242,1.30202,0.26667,-0.3,-0.2
475,11:20:59.88,2.902,0.57142,1.11207,0.03333,-0.03333,-0.13333
476,11:20:59.95,2.725,0.54142,0.8041,0.03333,0.2,-0.06667
477,11:21:00.01,2.63279,0.36642,0.57574,-0.06667,0.0,-0.03333
478,11:21:00.08,2.39679,0.28336,0.32556,-0.03333,0.03333,-0.0
479,11:21:00.14,2.31464,0.30336,0.15481,0.0,0.06667,-0.03333
480,11:21:00.20,2.23158,0.33236,0.24121,0.0,-0.06667,-0.0
481,11:21:00.26,1.733,0.19921,0.04615,0.0,0.03333,-0.03333
482,11:21:00.33,1.90558,0.24821,0.26369,0.0,0.0,-0.03333
483,11:21:00.39,1.58846,0.31721,0.25223,0.03333,0.06667,-0.0
484,11:21:00.45,1.13138,0.077,0.37725,0.06667,-0.03333,-0.0
485,11:21:00.51,1.02438,0.107,0.31536,0.03333,0.0,-0.0
486,11:21:00.58,1.05338,0.058,0.02858,0.0,0.0,-0.0
487,11:21:00.64,1.00251,0.087,0.15922,0.0,-0.03333,-0.0
488,11:21:00.71,0.84316,0.087,0.19771,0.0,0.0,-0.0
489,11:21:00.77,0.53839,0.058,0.16319,0.0,0.03333,-0.0
490,11:21:00.83,0.53839,0.058,0.19965,0.0,-0.06667,-0.0
491,11:21:00.90,0.63639,0.009,0.15956,0.03333,0.06667,-0.0
492,11:21:00.96,0.53823,0.166,0.16098,0.03333,0.0,-0.0
493,11:21:01.02,0.53823,0.225,0.29829,0.06667,0.0,-0.0
494,11:21:01.09,0.40075,0.146,0.33121,0.03333,0.0,-0.0
495,11:21:01.15,0.20475,0.107,0.18227,0.0,0.03333,-0.0
496,11:21:01.21,0.17575,0.097,0.16576,0.03333,0.0,-0.0
497,11:21:01.28,0.38175,0.117,0.29913,0.0,0.03333,-0.0
498,11:21:01.34,0.34175,-0.10321,0.27001,0.0,0.0,-0.0
499,11:21:01.41,0.25375,0.00479,0.21297,0.0,0.0,-0.0
500,11:21:01.47,0.18575,0.00479,0.18698,0.0,0.0,-0.0
501,11:21:01.53,0.33275,0.03379,0.2156,0.0,0.03333,-0.0
502,11:21:01.59,0.32275,0.03379,0.15829,0.0,0.0,-0.0
503,11:21:01.66,0.34175,0.02379,0.13518,0.0,0.0,-0.06667
504,11:21:01.72,0.35175,0.10279,0.14879,-0.06667,0.1,-0.0
505,11:21:01.78,0.47975,0.05379,0.12715,0.06667,-0.1,-0.03333
506,11:21:01.85,0.43075,0.12179,0.35106,0.0,0.06667,-0.0
507,11:21:01.91,0.26375,0.01379,0.32573,0.06667,-0.06667,-0.0
508,11:21:01.97,0.23475,0.08279,0.13714,0.0,0.03333,-0.03333
509,11:21:02.04,0.45975,0.07279,0.19486,0.03333,0.0,-0.03333
510,11:21:02.10,0.35175,0.17079,0.3056,0.06667,0.0,-0.0
511,11:21:02.16,0.32275,0.07279,0.25942,0.03333,0.0,-0.0
512,11:21:02.23,0.29275,-0.04521,0.31329,0.03333,-0.03333,-0.0
513,11:21:02.29,0.20475,0.12179,0.13912,0.03333,0.0,-0.03333
514,11:21:02.35,0.26375,-0.05421,0.27901,0.06667,0.0,-0.03333
515,11:21:02.42,-0.04025,0.04379,0.15381,0.03333,-0.03333,-0.0
516,11:21:02.48,0.40139,0.09279,0.53162,0.1,-0.43333,-0.0
517,11:21:02.54,0.74516,-0.21021,0.31003,0.0,-0.23333,-0.0
518,11:21:02.61,0.16716,-0.11321,0.03294,-0.03333,0.13333,-0.0
519,11:21:02.68,0.08816,-0.17121,-0.04915,-0.03333,0.13333,-0.0
520,11:21:02.73,0.29416,0.04379,0.15471,0.0,0.03333,-0.03333
521,11:21:02.79,0.49016,-0.02521,0.30764,0.03333,0.03333,-0.0
522,11:21:02.85,0.24516,0.05379,0.22889,0.03333,0.0,-0.0
523,11:21:02.92,0.46116,0.02379,0.38558,0.03333,0.0,-0.0
524,11:21:02.98,0.36316,-0.28921,0.25147,0.03333,0.03333,-0.03333
525,11:21:03.05,0.51016,0.06279,0.13793,0.06667,0.0,-0.0
526,11:21:03.11,0.35239,0.028,0.21124,0.06667,0.0,-0.0
527,11:21:03.17,0.19539,0.097,0.17705,0.03333,0.03333,-0.0
528,11:21:03.24,0.44039,0.107,0.38927,0.1,0.1,-0.0
529,11:21:03.30,1.05775,0.205,1.41335,-0.03333,1.03333,0.03333
530,11:21:03.37,1.65183,0.156,1.98162,-0.1,2.3,0.03333
531,11:21:03.43,1.07678,0.323,1.5023,-0.2,2.46667,0.13333
532,11:21:03.49,1.919,0.26058,1.29036,-0.43333,2.1,0.46667
533,11:21:03.56,1.98919,0.29758,0.8871,-0.66667,2.56667,0.93333
534,11:21:03.62,1.57142,0.33316,0.42552,-0.46667,2.13333,1.26667
535,11:21:03.68,0.23539,0.12699,-0.10201,-0.5,2.06667,1.5
536,11:21:03.75,-0.11381,-0.10022,-0.10177,-0.33333,1.96667,1.5
537,11:21:03.81,-0.93888,-0.00265,-0.10238,-0.26667,1.6,1.43333
538,11:21:03.88,-2.15742,0.40848,-0.11358,-0.1,1.3,1.26667
539,11:21:03.94,-2.18186,-0.04778,-0.06907,0.0,1.26667,1.1
540,11:21:04.00,-3.50473,-0.17664,-0.1155,0.23333,1.4,0.93333
541,11:21:04.07,-4.00857,0.48437,-0.33253,-0.16667,0.6,0.73333
542,11:21:04.13,-3.94763,0.97925,-1.00868,-0.13333,0.63333,0.5
543,11:21:04.20,-4.17996,0.99583,-2.32274,-0.13333,0.16667,0.2
544,11:21:04.26,-4.17996,0.99583,-2.32274,-0.13333,0.16667,0.2
545,11:21:04.32,-3.5476,1.05825,-0.75663,0.06667,-0.5,-0.4
546,11:21:04.39,-4.17498,0.81436,-1.23306,-0.06667,-0.9,-0.63333
547,11:21:04.45,-3.02954,0.73622,-0.00291,0.1,-0.93333,-0.93333
548,11:21:04.51,-0.62488,0.29148,0.01177,0.06667,-2.33333,-1.3
549,11:21:04.57,-1.71071,0.54258,-0.28376,0.26667,-0.9,-1.33333
550,11:21:04.63,-0.23946,0.73711,-0.16141,0.03333,-3.16667,-1.46667
551,11:21:04.70,0.4704,1.23983,-0.29224,0.33333,-3.73333,-1.6
552,11:21:04.76,1.83149,1.28323,0.20216,0.8,-3.73333,-1.26667
553,11:21:04.82,3.473,1.31071,0.71601,1.0,-3.0,-0.76667
554,11:21:04.89,3.71646,0.811,0.83761,0.83333,-2.46667,-0.43333
555,11:21:04.95,3.17764,1.01964,1.03356,0.96667,-1.13333,-0.26667
556,11:21:05.01,2.52421,0.823,0.85546,0.53333,-0.53333,-0.0
557,11:21:05.07,2.91621,0.421,1.1018,0.43333,-0.53333,-0.16667
558,11:21:05.14,2.99342,0.52321,0.93209,0.1,-0.3,-0.06667
559,11:21:05.20,2.21842,0.55221,0.53956,0.06667,-0.06667,-0.03333
560,11:21:05.26,3.06242,0.34721,0.73885,0.16667,0.06667,-0.06667
561,11:21:05.33,2.54736,0.31721,0.48896,0.0,-0.1,-0.0
562,11:21:05.39,2.14121,0.34721,0.73854,0.2,0.1,-0.0
563,11:21:05.46,2.137,0.17121,0.5783,-0.03333,0.06667,-0.03333
564,11:21:05.52,2.166,0.283,0.46574,0.0,0.0,-0.0
565,11:21:05.58,2.078,0.185,0.19256,0.03333,0.0,-0.0
566,11:21:05.65,2.01479,0.244,0.29012,0.0,0.0,-0.0
567,11:21:05.71,2.01064,0.234,0.4191,0.03333,0.0,-0.0
568,11:21:05.77,1.56458,0.126,0.14477,0.0,0.0,-0.0
569,11:21:05.84,1.34469,0.195,0.14568,0.06667,0.0,-0.0
570,11:21:05.90,1.45269,0.146,0.25065,0.1,0.0,0.03333
571,11:21:05.97,1.243,0.234,0.32869,0.0,-0.03333,-0.0
572,11:21:06.03,1.15058,0.274,0.2516,0.0,0.06667,-0.03333
573,11:21:06.09,0.69271,-0.00521,0.14133,0.0,0.06667,-0.0
574,11:21:06.16,0.65371,0.14179,0.27806,0.0,-0.03333,-0.0
575,11:21:06.22,0.78171,0.00479,0.24358,0.0,0.06667,-0.0
576,11:21:06.28,0.66138,0.21979,0.12906,-0.03333,0.03333,-0.0
577,11:21:06.34,0.53151,0.13179,0.19049,0.06667,0.0,-0.0
578,11:21:06.41,1.13951,-0.01936,0.58056,0.0,0.4,-0.0
579,11:21:06.47,0.22423,-0.23536,0.18389,0.0,0.4,0.03333
580,11:21:06.53,0.52823,0.10764,0.26661,0.0,0.0,-0.0
581,11:21:06.60,0.61623,0.00964,0.22194,0.0,0.03333,-0.0
582,11:21:06.66,0.21475,0.07864,-0.19923,0.2,0.43333,0.03333
583,11:21:06.72,1.16575,-0.18636,0.48437,0.2,-0.03333,-0.0
584,11:21:06.79,0.49875,0.01379,0.30351,0.03333,-0.13333,0.03333
585,11:21:06.85,0.43075,-0.13321,0.17522,0.0,0.0,-0.0
586,11:21:06.91,0.27375,-0.11321,0.20731,-0.03333,-0.03333,-0.0
587,11:21:06.98,0.56775,-0.16221,0.37362,-0.03333,-0.03333,0.03333
588,11:21:07.04,0.27375,0.07279,0.09185,0.0,0.0,-0.0
589,11:21:07.10,0.46975,0.15179,0.32588,0.03333,0.0,-0.0
590,11:21:07.16,0.49875,0.03379,0.36659,0.0,-0.1,-0.0
591,11:21:07.23,0.27375,0.00479,0.14532,0.0,0.0,-0.0
592,11:21:07.29,0.42075,0.08279,0.18478,0.0,0.0,-0.0
593,11:21:07.35,0.43975,-0.01036,0.1643,0.0,0.0,-0.03333
594,11:21:07.41,0.40075,0.05379,0.45143,0.0,-0.03333,-0.0
595,11:21:07.48,0.01875,0.06279,-0.14644,0.0,0.0,-0.03333
596,11:21:07.54,0.36175,0.15179,0.00784,0.0,0.0,-0.06667
597,11:21:07.61,0.52875,0.21979,0.31687,0.03333,0.0,-0.0
598,11:21:07.67,0.26375,-0.01936,0.14629,0.0,0.03333,-0.0
599,11:21:07.73,0.22475,-0.03936,0.27315,0.03333,0.0,-0.0
600,11:21:07.80,0.35175,-0.05936,0.23984,0.0,0.03333,-0.0
601,11:21:07.86,0.16699,0.05864,0.18408,0.0,0.03333,-0.0
602,11:21:07.93,0.32399,0.07864,0.21663,0.0,0.06667,-0.0
603,11:21:07.99,0.32399,0.16664,0.19383,0.0,0.03333,-0.0
604,11:21:08.05,0.37299,0.06864,0.2927,0.06667,0.0,0.03333
605,11:21:08.11,0.40199,-0.07836,0.20614,0.06667,0.0,-0.0
606,11:21:08.18,0.18599,-0.12736,0.25682,0.03333,0.0,-0.0
607,11:21:08.24,0.19599,-0.16636,0.1854,0.03333,0.0,-0.0
608,11:21:08.31,0.27399,-0.08836,0.13543,0.0,0.0,-0.03333
609,11:21:08.37,0.22499,-0.00036,0.2062,0.03333,0.0,-0.0
610,11:21:08.43,0.28399,-0.09836,0.39083,0.0,0.03333,-0.03333
611,11:21:08.50,0.384,-0.00036,0.56206,0.0,0.16667,-0.03333
612,11:21:08.56,0.306,0.03864,0.68722,-0.03333,0.2,-0.03333
613,11:21:08.62,1.23354,0.33364,1.34431,-0.16667,1.3,-0.03333
614,11:21:08.68,2.09241,0.05458,1.57373,-0.23333,1.4,0.06667
615,11:21:08.75,1.68811,0.60869,1.19838,-0.36667,1.9,0.33333
616,11:21:08.81,2.84048,0.46458,1.58901,-0.46667,2.63333,0.7
617,11:21:08.88,1.82883,0.12951,0.8178,-0.33333,2.5,1.23333
618,11:21:08.94,0.6463,-0.22625,0.06528,-0.53333,2.5,1.63333
619,11:21:09.00,0.24114,0.04118,-0.00059,-0.36667,2.3,1.66667
620,11:21:09.07,-0.92572,0.04891,-0.20068,-0.23333,1.86667,1.66667
621,11:21:09.13,-1.98788,0.36035,-0.25981,-0.1,1.8,1.56667
622,11:21:09.19,-2.25542,0.47849,-0.08618,0.0,1.43333,1.26667
623,11:21:09.26,-3.12535,0.52883,-0.05965,0.0,1.16667,1.03333
624,11:21:09.32,-3.84773,0.42236,-0.01418,0.03333,0.76667,0.7
625,11:21:09.38,-4.1256,0.72425,-0.00214,0.0,0.5,0.26667
626,11:21:09.45,-3.82257,0.56725,-0.81906,0.0,-0.03333,-0.0
627,11:21:09.51,-3.6256,1.20937,-0.89644,-0.03333,-0.03333,-0.13333
628,11:21:09.57,-2.79873,1.08836,-0.01804,0.06667,-0.26667,-0.3
629,11:21:09.63,-3.05735,1.01883,-0.15844,-0.1,-0.5,-0.4
630,11:21:09.70,-2.86254,1.11332,-0.00904,0.0,-0.73333,-0.5
631,11:21:09.76,-2.41677,0.98002,-0.13126,0.03333,-2.16667,-1.1
632,11:21:09.82,-1.51486,1.38411,-0.21863,0.13333,-2.6,-1.26667
633,11:21:09.88,1.76828,1.16141,0.36362,0.46667,-2.9,-1.3
634,11:21:09.95,-0.24464,1.55383,-0.64444,0.3,-2.7,-1.2
635,11:21:10.01,0.98348,1.99939,-0.47992,0.56667,-1.83333,-0.96667
636,11:21:10.07,3.56991,1.07051,0.44231,0.56667,-1.83333,-0.86667
637,11:21:10.14,3.21083,1.00046,0.62785,0.53333,-2.23333,-0.76667
638,11:21:10.20,2.48039,1.743,0.51289,0.63333,-0.73333,-0.53333
639,11:21:10.26,3.82838,1.00169,0.78407,0.56667,-0.86667,-0.4
640,11:21:10.33,2.96146,1.00064,0.34489,0.23333,-1.43333,-0.3
641,11:21:10.39,2.665,0.90164,0.05839,0.5,-0.4,-0.3
642,11:21:10.45,3.62864,0.54379,0.8364,0.43333,-1.36667,-0.1
643,11:21:10.52,2.686,0.215,0.79716,0.2,-0.86667,-0.13333
644,11:21:10.58,3.422,0.401,1.62277,0.5,-0.33333,-0.16667
645,11:21:10.65,2.019,0.61121,0.97222,0.03333,-0.1,-0.1
646,11:21:10.71,2.029,0.54321,0.65017,0.13333,0.1,-0.06667
647,11:21:10.77,2.343,0.32721,0.36811,0.06667,0.2,-0.06667
648,11:21:10.84,2.42679,0.15121,0.35129,-0.06667,-0.26667,-0.0
649,11:21:10.90,2.39679,0.058,0.33494,0.03333,-0.06667,-0.03333
650,11:21:10.96,1.75058,0.136,0.23027,0.06667,-0.03333,-0.0
651,11:21:11.02,1.498,0.176,0.40852,0.0,0.03333,-0.0
652,11:21:11.09,1.439,0.0,0.44122,0.0,0.0,-0.0
653,11:21:11.15,1.213,0.077,0.19879,0.0,0.0,0.03333
654,11:21:11.21,1.08158,0.058,0.15003,-0.03333,-0.03333,-0.0
655,11:21:11.28,1.01946,0.156,0.01481,-0.03333,0.03333,-0.0
656,11:21:11.34,1.06846,0.05379,0.09231,-0.03333,0.0,-0.03333
657,11:21:11.40,0.92871,0.07279,0.32221,0.0,0.0,-0.0
658,11:21:11.47,0.91871,0.02379,0.30103,-0.03333,-0.03333,-0.0
659,11:21:11.53,0.61238,0.11179,0.23636,0.06667,0.03333,-0.0
660,11:21:11.59,0.74938,0.04379,0.43172,-0.03333,-0.03333,-0.0
661,11:21:11.66,0.54151,0.09279,0.11657,0.0,0.06667,-0.0
662,11:21:11.72,0.45251,0.00479,-0.03475,0.03333,0.0,-0.06667
663,11:21:11.78,0.54151,0.22979,0.17694,0.06667,-0.06667,-0.0
664,11:21:11.85,0.59051,0.20079,0.29835,0.06667,0.0,-0.1
665,11:21:11.91,0.63951,0.17079,0.4568,0.0,-0.03333,-0.0
666,11:21:11.97,0.47116,0.05379,0.19314,-0.06667,0.03333,-0.0
667,11:21:12.04,0.33316,0.21979,0.19656,0.06667,-0.03333,-0.0
668,11:21:12.10,0.30416,-0.03936,0.13139,0.0,0.03333,-0.03333
669,11:21:12.16,0.44116,0.05864,0.24758,0.0,0.0,-0.0
670,11:21:12.23,0.55916,-0.12736,0.3147,0.03333,-0.03333,-0.0
671,11:21:12.29,0.39216,0.00964,0.28179,-0.03333,0.03333,-0.0
672,11:21:12.35,0.28339,-0.04936,0.06087,0.03333,0.0,-0.0
673,11:21:12.41,0.34239,0.14664,0.1835,0.03333,0.0,-0.0
674,11:21:12.48,0.38139,0.10764,0.29235,0.1,0.0,-0.0
675,11:21:12.54,0.18539,0.06864,0.23861,0.0,0.03333,-0.0
676,11:21:12.61,0.15639,0.00964,0.05261,0.03333,0.06667,-0.03333
677,11:21:12.67,0.34239,0.07864,0.39304,0.06667,0.0,-0.0
678,11:21:12.73,0.25439,0.02964,0.33537,0.0,0.0,-0.0
679,11:21:12.80,0.32239,0.01964,0.23805,0.0,0.03333,-0.0
680,11:21:12.86,0.26439,0.02964,0.21709,0.03333,0.0,-0.0
681,11:21:12.92,0.35239,0.12764,0.30464,0.0,-0.03333,-0.0
682,11:21:12.99,0.34239,-0.02936,0.2504,0.03333,0.0,-0.0
683,11:21:13.05,0.24439,0.16664,0.11629,0.0,0.0,-0.0
684,11:21:13.11,0.35239,0.05864,0.21881,0.03333,0.0,-0.0
685,11:21:13.18,0.30339,-0.01936,0.15884,0.0,0.0,-0.0
686,11:21:13.24,0.25439,0.09764,0.0596,0.0,0.0,-0.0
687,11:21:13.30,0.48939,-0.02936,0.16514,0.03333,0.0,-0.0
688,11:21:13.37,0.12639,0.07864,0.0488,0.0,0.0,-0.0
689,11:21:13.43,0.37139,0.05864,0.36178,0.06667,0.03333,-0.0
690,11:21:13.49,0.32239,0.00964,0.21031,0.0,-0.03333,-0.0
691,11:21:13.56,0.10623,0.15664,0.12225,0.03333,0.1,-0.0
692,11:21:13.62,0.23423,-0.01936,0.12576,0.03333,0.0,-0.0
693,11:21:13.68,0.06723,0.07864,0.17451,0.1,0.0,-0.03333
694,11:21:13.74,0.22423,0.08764,0.29379,0.1,0.03333,-0.03333
695,11:21:13.81,0.45039,0.05864,0.31461,0.0,-0.43333,-0.0
696,11:21:13.87,-0.03961,-0.05936,0.15166,0.0,0.13333,-0.06667
697,11:21:13.93,0.64639,-0.07836,0.49522,0.16667,0.0,-0.0
698,11:21:13.99,0.50939,0.22564,0.5478,0.03333,0.2,-0.0
699,11:21:14.06,1.22599,0.18664,1.49958,-0.1,1.06667,0.1
700,11:21:14.12,1.32618,0.34858,1.51751,-0.26667,2.03333,0.16667
701,11:21:14.18,1.44311,0.17769,1.43945,-0.16667,1.6,0.43333
702,11:21:14.25,2.008,0.125,1.41186,-0.13333,2.1,0.66667
703,11:21:14.31,1.29319,0.17646,0.79556,-0.3,2.26667,1.0
704,11:21:14.37,0.87542,-0.07977,0.21533,-0.53333,2.63333,1.46667
705,11:21:14.44,0.09312,-0.16846,0.03525,-0.56667,2.46667,1.73333
706,11:21:14.50,-0.56272,0.24593,-0.05625,-0.43333,1.96667,1.73333
707,11:21:14.56,-1.77067,-0.04998,-0.20208,-0.33333,1.9,1.63333
708,11:21:14.63,-3.17073,-0.09917,-0.06573,-0.2,1.43333,1.33333
709,11:21:14.69,-3.49663,0.09137,-0.03447,-0.23333,1.0,1.13333
710,11:21:14.76,-4.03222,-0.07317,-1.48428,-0.2,0.9,0.76667
711,11:21:14.82,-4.43288,0.0094,-1.04315,-0.1,0.33333,0.4
712,11:21:14.88,-4.74588,0.5394,-1.37811,-0.03333,0.13333,0.16667
713,11:21:14.95,-3.83153,0.6084,-1.57299,-0.06667,-0.23333,-0.0
714,11:21:15.01,-4.38522,0.2064,-2.12658,0.0,-0.1,-0.2
715,11:21:15.07,-3.83063,0.46706,-0.91936,0.06667,-0.46667,-0.63333
716,11:21:15.14,-3.62635,0.51819,-0.31207,0.06667,-1.56667,-1.03333
717,11:21:15.20,-2.40215,0.49109,-0.05672,0.26667,-2.46667,-1.33333
718,11:21:15.26,-0.31436,0.43448,-0.01811,0.5,-3.23333,-1.46667
719,11:21:15.33,-1.50525,1.00211,-0.65941,0.5,-3.5,-1.6
720,11:21:15.39,0.14822,1.07899,-0.49351,1.03333,-1.66667,-1.13333
721,11:21:15.46,3.06358,0.70616,0.58544,1.0,-2.53333,-0.86667
722,11:21:15.52,1.78491,1.17138,0.07407,1.16667,-1.8,-0.86667
723,11:21:15.58,2.46075,1.07969,0.47837,1.0,-2.2,-0.53333
724,11:21:15.65,3.871,0.98,1.87475,1.3,-1.16667,-0.53333
725,11:21:15.71,3.26979,0.85542,1.59906,0.56667,-0.6,-0.43333
726,11:21:15.77,3.216,0.68431,1.59629,0.1,-0.73333,-0.2
727,11:21:15.83,3.471,0.708,1.71195,0.3,0.1,-0.33333
728,11:21:15.89,2.647,0.708,0.73181,-0.06667,-0.93333,-0.13333
729,11:21:15.94,2.11221,0.443,0.67389,0.16667,0.26667,-0.1
730,11:21:16.01,2.74921,0.345,0.92109,0.16667,-0.5,-0.1
731,11:21:16.07,1.99421,0.257,0.52907,0.06667,-0.5,-0.03333
732,11:21:16.13,2.44036,0.198,0.65623,0.36667,-0.23333,-0.13333
733,11:21:16.19,2.26336,0.11,0.86682,0.33333,-0.03333,-0.1
734,11:21:16.25,1.39036,0.276,0.31086,0.0,-0.06667,0.06667
735,11:21:16.31,1.13121,0.01731,-0.01193,-0.1,0.2,-0.0
736,11:21:16.38,1.303,0.19431,0.07476,-0.06667,0.13333,-0.06667
737,11:21:16.44,1.754,0.00342,0.40007,-0.06667,0.03333,-0.0
738,11:21:16.51,1.794,0.03242,0.31045,-0.06667,0.1,-0.0
739,11:21:16.57,1.47064,0.15042,0.24224,-0.03333,0.1,0.03333
740,11:21:16.63,1.03458,0.12636,0.23345,-0.06667,0.0,0.03333
741,11:21:16.70,0.96269,0.00421,0.1426,-0.1,0.13333,-0.0
742,11:21:16.76,1.046,0.03421,0.17717,0.0,0.03333,0.03333
743,11:21:16.82,0.91558,0.12221,0.38239,0.06667,-0.06667,0.1
744,11:21:16.88,0.70958,-0.10379,0.28358,0.0,0.0,0.06667
745,11:21:16.95,0.67958,-0.20179,-0.16496,0.06667,0.06667,-0.0
746,11:21:17.01,0.35738,-0.14279,0.12253,0.1,0.0,-0.0
747,11:21:17.08,0.77838,-0.31879,0.37161,0.0,-0.13333,-0.0
748,11:21:17.14,0.38638,-0.19179,0.15743,0.0,0.06667,-0.03333
749,11:21:17.20,0.61238,-0.11279,0.19916,0.03333,0.0,-0.03333
750,11:21:17.27,0.41638,-0.28979,0.26111,-0.03333,-0.06667,-0.03333
751,11:21:17.33,0.43538,-0.01479,0.16195,0.0,0.0,-0.03333
752,11:21:17.39,0.57238,0.01421,0.17018,0.0,0.03333,0.03333
753,11:21:17.46,0.28651,0.07321,0.16457,0.03333,0.0,-0.0
754,11:21:17.52,0.53151,-0.01,0.48541,0.0,0.0,0.1
755,11:21:17.58,0.34551,-0.059,0.39271,-0.03333,-0.03333,0.1
756,11:21:17.65,0.28651,-0.216,0.1289,-0.03333,0.06667,0.03333
757,11:21:17.71,0.26651,-0.206,0.12485,-0.06667,0.0,0.06667
758,11:21:17.78,0.12951,0.019,0.12534,0.0,0.06667,0.06667
759,11:21:17.84,0.34551,-0.137,0.19566,0.0,-0.03333,-0.0
760,11:21:17.90,0.35451,-0.147,0.24454,0.0,0.03333,-0.0
761,11:21:17.97,0.32551,-0.216,0.27755,0.0,0.0,-0.0
762,11:21:18.03,0.19751,-0.029,0.20428,0.0,0.03333,-0.03333
763,11:21:18.09,0.35451,0.068,0.25333,0.03333,0.0,-0.03333
764,11:21:18.16,0.32551,0.107,0.1444,0.03333,0.0,-0.0
765,11:21:18.22,0.40351,0.117,0.23469,0.0,0.03333,-0.03333
766,11:21:18.29,0.24516,0.019,0.17964,0.03333,0.0,-0.0
767,11:21:18.35,0.25516,0.038,0.2477,0.03333,0.0,-0.0
768,11:21:18.41,0.26516,0.028,0.28698,0.0,0.0,-0.0
769,11:21:18.47,0.28416,-0.069,0.18784,0.0,0.03333,-0.03333
770,11:21:18.54,0.35316,0.048,0.44528,0.0,0.0,-0.0
771,11:21:18.60,0.11816,-0.039,0.24012,-0.03333,0.1,-0.0
772,11:21:18.66,0.23516,0.048,0.30022,0.03333,0.0,-0.0
773,11:21:18.72,0.29416,0.038,0.38656,0.0,-0.03333,-0.0
774,11:21:18.79,0.21616,0.009,0.20249,0.0,0.06667,-0.0
775,11:21:18.85,0.24516,0.028,0.06791,0.03333,0.0,-0.03333
776,11:21:18.91,0.30416,0.028,0.20133,0.03333,0.0,-0.0
777,11:21:18.98,0.18616,0.068,0.06555,0.06667,0.03333,-0.0
778,11:21:19.04,0.08816,0.038,0.15844,0.03333,0.0,-0.0
779,11:21:19.11,0.13716,0.009,0.24366,0.03333,0.06667,-0.0
780,11:21:19.17,0.07916,0.156,0.28109,0.03333,0.0,-0.03333
781,11:21:19.23,0.22616,-0.069,0.34553,0.06667,0.0,-0.0
782,11:21:19.30,0.29339,0.0,0.27186,0.03333,0.13333,-0.06667
783,11:21:19.36,0.54823,-0.177,0.89487,-0.16667,0.83333,-0.0
784,11:21:19.42,1.6,0.0,1.16083,-0.33333,1.93333,0.06667
785,11:21:19.49,1.62911,0.38264,1.68673,-0.26667,2.3,0.36667
786,11:21:19.55,1.83048,0.64869,1.61521,-0.43333,2.13333,0.66667
787,11:21:19.62,2.19736,0.10746,1.3606,-0.46667,2.86667,1.1
788,11:21:19.68,1.2654,0.39638,0.5755,-0.6,2.76667,1.4
789,11:21:19.74,1.07454,0.257,0.41746,-0.53333,2.46667,1.8
790,11:21:19.81,-0.65702,0.16041,-0.19191,-0.43333,2.13333,1.9
791,11:21:19.87,-1.30188,0.18435,-0.15335,-0.33333,1.53333,1.76667
792,11:21:19.94,-2.51042,0.01749,-0.23817,-0.1,1.3,1.56667
793,11:21:20.00,-3.35354,0.25383,-0.1009,-0.06667,1.06667,1.26667
794,11:21:20.06,-3.66535,0.35637,-0.09181,-0.03333,0.86667,0.93333
795,11:21:20.12,-4.03698,0.19206,-0.00577,-0.06667,0.1,0.5
796,11:21:20.19,-4.49835,0.58383,-0.24958,-0.06667,0.1,0.16667
797,11:21:20.25,-3.79235,0.78983,-0.34227,-0.03333,-0.1,-0.0
798,11:21:20.31,-3.77086,1.08506,-0.29912,-0.03333,0.0,-0.06667
799,11:21:20.37,-3.29986,1.15625,-0.00329,0.0,-0.26667,-0.33333
800,11:21:20.44,-3.02954,1.12137,-0.00579,0.06667,-0.5,-0.43333
801,11:21:20.50,-2.84442,0.94019,-0.19919,0.0,-0.63333,-0.56667
802,11:21:20.56,-1.54688,1.02532,0.00434,0.16667,-1.56667,-0.8
803,11:21:20.63,-2.72972,1.01749,-0.18439,0.23333,-1.56667,-0.86667
804,11:21:20.69,-0.3827,1.04358,-0.14775,0.4,-2.43333,-1.03333
805,11:21:20.75,0.31225,1.05111,-0.26063,0.63333,-2.83333,-1.03333
806,11:21:20.81,0.07548,0.89954,-0.96743,0.63333,-2.6,-1.06667
807,11:21:20.87,2.32493,1.12675,-0.12341,1.2,-2.03333,-0.9
808,11:21:20.93,1.894,0.65851,-0.70858,1.06667,-2.76667,-0.76667
809,11:21:21.00,1.60238,0.99358,-0.06828,1.43333,-1.9,-0.56667
810,11:21:21.06,3.47164,1.04964,1.13648,1.23333,-1.3,-0.53333
811,11:21:21.13,2.823,0.73921,1.63271,0.83333,-1.6,-0.33333
812,11:21:21.19,3.90031,1.12042,2.79898,0.83333,0.0,-0.36667
813,11:21:21.25,3.27231,1.403,2.67841,0.16667,-0.63333,-0.13333
814,11:21:21.32,2.531,1.295,1.45636,0.0,0.26667,-0.16667
815,11:21:21.38,2.89931,0.29231,1.02388,-0.36667,-0.06667,-0.26667
816,11:21:21.44,1.92036,0.84542,-0.03557,-0.16667,0.13333,-0.1
817,11:21:21.50,2.32236,0.67021,0.22119,-0.03333,0.1,-0.0
818,11:21:21.56,1.98421,0.48421,0.01358,0.0,0.13333,-0.0
819,11:21:21.63,1.852,0.70021,0.313,0.03333,0.03333,-0.0
820,11:21:21.69,1.872,0.391,0.26324,0.0,0.16667,0.03333
821,11:21:21.75,1.56864,0.489,0.3215,-0.03333,0.0,-0.0
822,11:21:21.82,1.21158,0.46,0.03173,0.06667,0.03333,-0.03333
823,11:21:21.88,1.70158,0.529,0.33492,0.0,0.0,-0.0
824,11:21:21.95,1.24669,0.548,0.12999,0.1,0.03333,0.03333
825,11:21:22.01,1.203,0.499,0.18931,0.03333,0.0,-0.0
826,11:21:22.07,0.99358,0.36679,0.25928,0.03333,0.0,-0.0
827,11:21:22.13,0.80446,0.30879,0.27111,0.0,0.0,-0.0
828,11:21:22.20,0.94146,0.26879,0.33327,0.0,-0.03333,-0.0
829,11:21:22.26,0.67371,0.19564,0.2344,0.0,0.03333,-0.0
830,11:21:22.33,0.34738,0.04864,0.12333,0.03333,0.03333,-0.0
831,11:21:22.39,0.59238,0.11764,0.28532,0.03333,0.03333,-0.03333
832,11:21:22.45,0.35451,0.09764,0.10253,0.0,0.0,-0.0
833,11:21:22.52,0.31551,0.10764,0.15168,0.06667,0.0,-0.03333
834,11:21:22.59,0.45251,0.17664,0.28527,0.06667,0.03333,-0.0
835,11:21:22.65,0.32551,0.13764,0.19231,0.1,-0.06667,-0.03333
836,11:21:22.71,0.34551,0.14664,0.17751,0.03333,0.0,-0.0
837,11:21:22.77,0.39451,0.04864,0.17452,0.0,0.0,-0.03333
838,11:21:22.83,0.31416,0.10764,0.28824,0.03333,0.0,-0.0
839,11:21:22.89,0.29416,0.05864,0.2822,0.06667,0.06667,-0.0
840,11:21:22.96,0.13716,0.07864,0.33655,0.0,-0.06667,-0.0
841,11:21:23.02,0.23751,-0.01936,0.25414,0.03333,0.0,-0.0
842,11:21:23.08,0.53151,-0.02936,0.11577,-0.03333,0.03333,-0.0
843,11:21:23.15,0.29416,0.06864,0.03984,0.0,0.0,-0.0
844,11:21:23.21,0.08816,-0.02936,0.14485,0.06667,0.06667,-0.0
845,11:21:23.27,0.35316,-0.13736,0.33547,0.06667,-0.03333,0.03333
846,11:21:23.34,0.05916,-0.01936,0.21474,0.13333,-0.03333,-0.0
847,11:21:23.40,0.33551,0.21979,0.51014,0.06667,-0.1,-0.0
848,11:21:23.46,0.34316,0.16664,0.03588,0.0,0.06667,-0.06667
849,11:21:23.53,0.42216,0.09764,0.20806,0.0,-0.06667,-0.0
850,11:21:23.59,0.26516,0.04864,0.24732,0.0,0.06667,-0.0
851,11:21:23.65,0.09816,-0.07836,0.0321,0.03333,0.0,-0.0
852,11:21:23.72,0.35316,-0.00036,0.5068,0.03333,0.0,-0.0
853,11:21:23.78,0.23516,0.07864,0.26156,0.0,0.06667,-0.0
854,11:21:23.85,0.06916,0.00964,0.11368,0.0,-0.03333,-0.0
855,11:21:23.91,0.35316,0.02964,0.29329,0.03333,0.03333,-0.0
856,11:21:23.97,0.36316,0.11764,0.25223,0.03333,0.0,-0.0
857,11:21:24.04,0.32416,-0.01936,0.24758,0.03333,-0.06667,-0.0
858,11:21:24.10,0.16716,0.17664,0.08332,0.0,0.1,-0.0
859,11:21:24.16,0.40216,0.01964,0.20074,0.03333,-0.03333,-0.0
860,11:21:24.23,0.27516,-0.12736,0.27296,0.03333,0.06667,-0.0
861,11:21:24.29,0.24516,-0.15736,0.14401,0.03333,0.03333,-0.0
862,11:21:24.36,0.21616,-0.10836,0.21467,0.06667,0.03333,-0.0
863,11:21:24.42,0.35316,-0.01936,0.30026,0.03333,0.0,-0.0
864,11:21:24.48,0.24516,0.05864,0.30962,0.0,0.0,-0.03333
865,11:21:24.55,0.18616,-0.00036,0.57839,-0.06667,-0.1,-0.03333
866,11:21:24.61,0.45251,0.00964,0.34337,-0.3,-0.06667,-0.1
867,11:21:24.67,0.39216,0.02069,0.08565,-0.2,0.1,-0.03333
868,11:21:24.74,0.65716,0.12869,0.31955,0.03333,0.03333,0.03333
869,11:21:24.80,1.04839,0.036,1.33994,-0.4,0.33333,0.33333
870,11:21:24.87,0.70523,0.50946,0.91192,-0.43333,0.9,0.3
871,11:21:24.93,1.00754,0.58238,1.40282,-0.63333,1.6,0.13333
872,11:21:24.99,1.17691,0.27516,1.29337,-0.53333,2.13333,0.2
873,11:21:25.06,0.95748,0.17523,0.99972,-0.5,2.66667,0.43333
874,11:21:25.12,1.0656,-0.01246,0.29703,-1.16667,2.56667,0.9
875,11:21:25.18,0.8772,0.28611,0.42755,-0.66667,2.76667,1.03333
876,11:21:25.24,0.04319,0.14435,0.11146,-0.46667,2.5,1.2
877,11:21:25.31,-0.44317,0.30302,0.07305,-0.4,2.2,1.33333
878,11:21:25.37,-2.62286,0.01883,-0.08925,-0.06667,1.5,1.26667
879,11:21:25.43,-3.27873,-0.15363,-0.07939,0.13333,1.23333,1.0
880,11:21:25.50,-4.01857,-0.29917,-0.06084,0.03333,0.86667,0.8
881,11:21:25.56,-4.18557,-0.00417,-0.00455,0.16667,0.73333,0.66667
882,11:21:25.62,-4.62657,0.2126,-0.44197,0.0,0.5,0.36667
883,11:21:25.68,-4.19557,0.5784,-0.50598,0.0,-0.06667,-0.0
884,11:21:25.75,-3.8126,0.8496,-0.438,0.0,0.0,-0.2
885,11:21:25.81,-3.09273,0.65283,-0.37333,0.0,-0.3,-0.26667
